# Blender 5.1.2
# www.blender.org
mtllib keyhorn 1.mtl
o Cylinder
v -0.272103 -0.765511 -0.076365
v -0.204726 -0.546659 -0.057961
v -0.267233 -0.766904 -0.077626
v -0.199856 -0.548052 -0.059222
v -0.262252 -0.768416 -0.077895
v -0.194874 -0.549563 -0.059492
v -0.257350 -0.769986 -0.077162
v -0.189972 -0.551134 -0.058759
v -0.252716 -0.771556 -0.075457
v -0.185339 -0.552703 -0.057053
v -0.248530 -0.773065 -0.072843
v -0.181152 -0.554213 -0.054439
v -0.244951 -0.774455 -0.069421
v -0.177573 -0.555602 -0.051017
v -0.242116 -0.775672 -0.065323
v -0.174738 -0.556819 -0.046919
v -0.240135 -0.776670 -0.060706
v -0.172758 -0.557818 -0.042303
v -0.239084 -0.777410 -0.055748
v -0.171707 -0.558558 -0.037345
v -0.239003 -0.777865 -0.050640
v -0.171626 -0.559012 -0.032237
v -0.239897 -0.778015 -0.045577
v -0.172519 -0.559163 -0.027174
v -0.241729 -0.777857 -0.040755
v -0.174351 -0.559004 -0.022351
v -0.244430 -0.777396 -0.036358
v -0.177052 -0.558543 -0.017954
v -0.247895 -0.776648 -0.032555
v -0.180517 -0.557796 -0.014151
v -0.251992 -0.775644 -0.029494
v -0.184614 -0.556792 -0.011090
v -0.256563 -0.774423 -0.027289
v -0.189186 -0.555570 -0.008886
v -0.261433 -0.773030 -0.026028
v -0.194056 -0.554176 -0.007625
v -0.266414 -0.771518 -0.025759
v -0.199037 -0.552666 -0.007355
v -0.271316 -0.769948 -0.026492
v -0.203939 -0.551095 -0.008088
v -0.275950 -0.768377 -0.028197
v -0.208572 -0.549525 -0.009794
v -0.280136 -0.766869 -0.030811
v -0.212758 -0.548016 -0.012408
v -0.283715 -0.765479 -0.034234
v -0.216338 -0.546627 -0.015830
v -0.286550 -0.764262 -0.038331
v -0.219172 -0.545409 -0.019928
v -0.288531 -0.763264 -0.042948
v -0.221153 -0.544412 -0.024544
v -0.289582 -0.762524 -0.047906
v -0.222204 -0.543671 -0.029502
v -0.289663 -0.762069 -0.053014
v -0.222285 -0.543217 -0.034611
v -0.288770 -0.761918 -0.058077
v -0.221392 -0.543066 -0.039673
v -0.286938 -0.762076 -0.062900
v -0.219560 -0.543224 -0.044496
v -0.284238 -0.762538 -0.067296
v -0.216860 -0.543686 -0.048892
v -0.280772 -0.763286 -0.071099
v -0.213394 -0.544433 -0.052696
v -0.276675 -0.764289 -0.074161
v -0.209297 -0.545437 -0.055757
v -0.269668 -0.766208 -0.076995
v -0.264742 -0.767660 -0.077761
v -0.259801 -0.769201 -0.077529
v -0.255034 -0.770771 -0.076309
v -0.250624 -0.772311 -0.074149
v -0.246741 -0.773759 -0.071132
v -0.243533 -0.775063 -0.067372
v -0.241126 -0.776171 -0.063015
v -0.239610 -0.777040 -0.058228
v -0.239044 -0.777637 -0.053195
v -0.239450 -0.777940 -0.048109
v -0.240812 -0.777936 -0.043166
v -0.243079 -0.777626 -0.038557
v -0.246162 -0.777022 -0.034457
v -0.249943 -0.776147 -0.031024
v -0.254277 -0.775033 -0.028391
v -0.258998 -0.773726 -0.026659
v -0.263925 -0.772274 -0.025894
v -0.268866 -0.770732 -0.026125
v -0.273632 -0.769163 -0.027345
v -0.278043 -0.767623 -0.029505
v -0.281925 -0.766174 -0.032523
v -0.285133 -0.764871 -0.036282
v -0.287540 -0.763763 -0.040639
v -0.289057 -0.762894 -0.045426
v -0.289622 -0.762297 -0.050459
v -0.289216 -0.761994 -0.055546
v -0.287854 -0.761998 -0.060488
v -0.285587 -0.762308 -0.065097
v -0.282504 -0.762912 -0.069197
v -0.278723 -0.763787 -0.072630
v -0.274389 -0.764901 -0.075263
v -0.268450 -0.766557 -0.077310
v -0.263497 -0.768038 -0.077827
v -0.258575 -0.769594 -0.077345
v -0.253875 -0.771163 -0.075884
v -0.249577 -0.772687 -0.073495
v -0.245846 -0.774107 -0.070276
v -0.242825 -0.775367 -0.066348
v -0.240631 -0.776421 -0.061861
v -0.239347 -0.777225 -0.056988
v -0.239023 -0.777751 -0.051918
v -0.239673 -0.777978 -0.046843
v -0.241270 -0.777897 -0.041961
v -0.243754 -0.777511 -0.037457
v -0.247028 -0.776836 -0.033506
v -0.250967 -0.775895 -0.030258
v -0.255421 -0.774728 -0.027840
v -0.260216 -0.773377 -0.026344
v -0.265169 -0.771896 -0.025827
v -0.270091 -0.770340 -0.026309
v -0.274791 -0.768771 -0.027772
v -0.279090 -0.767246 -0.030159
v -0.282820 -0.765827 -0.033378
v -0.285841 -0.764566 -0.037306
v -0.288035 -0.763513 -0.041793
v -0.289319 -0.762709 -0.046666
v -0.289643 -0.762182 -0.051736
v -0.288993 -0.761956 -0.056811
v -0.287396 -0.762037 -0.061694
v -0.284912 -0.762423 -0.066197
v -0.281638 -0.763098 -0.070148
v -0.277699 -0.764039 -0.073396
v -0.273245 -0.765206 -0.075814
v -0.270886 -0.765860 -0.076680
v -0.265988 -0.767282 -0.077693
v -0.261026 -0.768808 -0.077712
v -0.256192 -0.770378 -0.076736
v -0.251670 -0.771933 -0.074803
v -0.247635 -0.773413 -0.071987
v -0.244242 -0.774759 -0.068397
v -0.241621 -0.775921 -0.064168
v -0.239873 -0.776855 -0.059467
v -0.239064 -0.777524 -0.054472
v -0.239227 -0.777902 -0.049374
v -0.240355 -0.777976 -0.044372
v -0.242403 -0.777742 -0.039656
v -0.245295 -0.777209 -0.035407
v -0.248919 -0.776397 -0.031790
v -0.253134 -0.775339 -0.028943
v -0.257780 -0.774074 -0.026974
v -0.262679 -0.772651 -0.025962
v -0.267640 -0.771126 -0.025942
v -0.272474 -0.769555 -0.026918
v -0.276996 -0.768000 -0.028851
v -0.281031 -0.766521 -0.031667
v -0.284424 -0.765175 -0.035258
v -0.287045 -0.764012 -0.039486
v -0.288794 -0.763079 -0.044187
v -0.289602 -0.762410 -0.049183
v -0.289439 -0.762031 -0.054280
v -0.288311 -0.761958 -0.059282
v -0.286263 -0.762192 -0.063998
v -0.283371 -0.762725 -0.068247
v -0.279748 -0.763537 -0.071864
v -0.275532 -0.764594 -0.074712
v -0.267841 -0.766731 -0.077469
v -0.262874 -0.768227 -0.077862
v -0.257963 -0.769790 -0.077254
v -0.253296 -0.771360 -0.075670
v -0.249054 -0.772877 -0.073169
v -0.245398 -0.774281 -0.069848
v -0.242471 -0.775520 -0.065835
v -0.240383 -0.776545 -0.061284
v -0.239216 -0.777318 -0.056368
v -0.239014 -0.777808 -0.051279
v -0.239785 -0.777997 -0.046211
v -0.241499 -0.777876 -0.041358
v -0.244091 -0.777453 -0.036908
v -0.247462 -0.776742 -0.033031
v -0.251479 -0.775770 -0.029876
v -0.255992 -0.774575 -0.027565
v -0.260825 -0.773203 -0.026187
v -0.265793 -0.771707 -0.025793
v -0.270703 -0.770143 -0.026400
v -0.275370 -0.768574 -0.027984
v -0.279613 -0.767057 -0.030485
v -0.283268 -0.765653 -0.033806
v -0.286196 -0.764414 -0.037819
v -0.288283 -0.763388 -0.042371
v -0.289450 -0.762616 -0.047286
v -0.289652 -0.762126 -0.052375
v -0.288881 -0.761937 -0.057444
v -0.287167 -0.762057 -0.062297
v -0.284575 -0.762481 -0.066747
v -0.281205 -0.763192 -0.070623
v -0.277187 -0.764163 -0.073779
v -0.272674 -0.765359 -0.076089
v -0.270277 -0.766034 -0.076837
v -0.265365 -0.767471 -0.077727
v -0.260413 -0.769005 -0.077621
v -0.255612 -0.770574 -0.076523
v -0.251147 -0.772121 -0.074477
v -0.247187 -0.773586 -0.071559
v -0.243888 -0.774911 -0.067884
v -0.241373 -0.776046 -0.063591
v -0.239742 -0.776948 -0.058848
v -0.239054 -0.777581 -0.053833
v -0.239338 -0.777921 -0.048742
v -0.240583 -0.777957 -0.043769
v -0.242741 -0.777684 -0.039106
v -0.245729 -0.777115 -0.034932
v -0.249431 -0.776271 -0.031407
v -0.253706 -0.775186 -0.028666
v -0.258389 -0.773900 -0.026817
v -0.263301 -0.772463 -0.025928
v -0.268253 -0.770929 -0.026034
v -0.273054 -0.769359 -0.027131
v -0.277519 -0.767812 -0.029178
v -0.281479 -0.766347 -0.032095
v -0.284779 -0.765023 -0.035770
v -0.287293 -0.763888 -0.040063
v -0.288925 -0.762986 -0.044807
v -0.289612 -0.762353 -0.049821
v -0.289328 -0.762013 -0.054912
v -0.288083 -0.761977 -0.059885
v -0.285925 -0.762250 -0.064548
v -0.282937 -0.762819 -0.068722
v -0.279235 -0.763662 -0.072247
v -0.274961 -0.764748 -0.074988
v -0.269059 -0.766383 -0.077153
v -0.264120 -0.767849 -0.077794
v -0.259189 -0.769397 -0.077437
v -0.254454 -0.770967 -0.076096
v -0.250100 -0.772499 -0.073823
v -0.246293 -0.773933 -0.070704
v -0.243179 -0.775216 -0.066859
v -0.240878 -0.776296 -0.062438
v -0.239478 -0.777133 -0.057608
v -0.239034 -0.777694 -0.052556
v -0.239562 -0.777959 -0.047476
v -0.241042 -0.777916 -0.042563
v -0.243417 -0.777569 -0.038007
v -0.246595 -0.776928 -0.033981
v -0.250455 -0.776021 -0.030641
v -0.254848 -0.774881 -0.028116
v -0.259607 -0.773551 -0.026501
v -0.264546 -0.772085 -0.025860
v -0.269479 -0.770537 -0.026217
v -0.274212 -0.768967 -0.027558
v -0.278566 -0.767435 -0.029831
v -0.282373 -0.766001 -0.032950
v -0.285487 -0.764718 -0.036795
v -0.287788 -0.763638 -0.041216
v -0.289188 -0.762801 -0.046046
v -0.289632 -0.762240 -0.051098
v -0.289104 -0.761975 -0.056178
v -0.287624 -0.762017 -0.061091
v -0.285250 -0.762365 -0.065647
v -0.282071 -0.763005 -0.069673
v -0.278211 -0.763913 -0.073013
v -0.273818 -0.765053 -0.075539
v -0.271495 -0.765686 -0.076522
v -0.266610 -0.767094 -0.077659
v -0.261638 -0.768612 -0.077803
v -0.256771 -0.770182 -0.076950
v -0.252194 -0.771745 -0.075129
v -0.248082 -0.773239 -0.072415
v -0.244596 -0.774607 -0.068908
v -0.241869 -0.775797 -0.064746
v -0.240004 -0.776762 -0.060087
v -0.239075 -0.777467 -0.055110
v -0.239115 -0.777883 -0.050008
v -0.240125 -0.777996 -0.044975
v -0.242066 -0.777799 -0.040206
v -0.244863 -0.777302 -0.035883
v -0.248406 -0.776523 -0.032173
v -0.252563 -0.775491 -0.029218
v -0.257172 -0.774249 -0.027132
v -0.262056 -0.772840 -0.025995
v -0.267028 -0.771322 -0.025851
v -0.271895 -0.769751 -0.026705
v -0.276473 -0.768189 -0.028525
v -0.280584 -0.766695 -0.031239
v -0.284070 -0.765327 -0.034746
v -0.286798 -0.764137 -0.038909
v -0.288662 -0.763171 -0.043567
v -0.289592 -0.762467 -0.048544
v -0.289551 -0.762050 -0.053647
v -0.288541 -0.761938 -0.058680
v -0.286600 -0.762135 -0.063449
v -0.283804 -0.762632 -0.067772
v -0.280260 -0.763411 -0.071481
v -0.276103 -0.764442 -0.074436
v -0.267538 -0.766817 -0.077547
v -0.262562 -0.768321 -0.077879
v -0.257656 -0.769888 -0.077209
v -0.253007 -0.771458 -0.075563
v -0.248791 -0.772971 -0.073005
v -0.245174 -0.774368 -0.069635
v -0.242293 -0.775596 -0.065579
v -0.240259 -0.776608 -0.060995
v -0.239150 -0.777364 -0.056058
v -0.239009 -0.777836 -0.050960
v -0.239841 -0.778006 -0.045894
v -0.241614 -0.777868 -0.041057
v -0.244260 -0.777425 -0.036633
v -0.247678 -0.776695 -0.032793
v -0.251736 -0.775707 -0.029685
v -0.256278 -0.774498 -0.027427
v -0.261129 -0.773116 -0.026108
v -0.266104 -0.771613 -0.025776
v -0.271010 -0.770046 -0.026445
v -0.275659 -0.768476 -0.028091
v -0.279875 -0.766963 -0.030649
v -0.283492 -0.765566 -0.034019
v -0.286373 -0.764338 -0.038076
v -0.288407 -0.763326 -0.042659
v -0.289516 -0.762570 -0.047596
v -0.289658 -0.762098 -0.052695
v -0.288825 -0.761928 -0.057760
v -0.287052 -0.762066 -0.062598
v -0.284406 -0.762509 -0.067021
v -0.280988 -0.763239 -0.070861
v -0.276930 -0.764227 -0.073969
v -0.272389 -0.765436 -0.076227
v -0.269972 -0.766121 -0.076917
v -0.265053 -0.767566 -0.077744
v -0.260107 -0.769103 -0.077574
v -0.255323 -0.770673 -0.076416
v -0.250885 -0.772217 -0.074313
v -0.246964 -0.773674 -0.071345
v -0.243710 -0.774987 -0.067628
v -0.241250 -0.776108 -0.063304
v -0.239676 -0.776994 -0.058538
v -0.239049 -0.777609 -0.053514
v -0.239395 -0.777931 -0.048425
v -0.240698 -0.777946 -0.043467
v -0.242910 -0.777655 -0.038831
v -0.245946 -0.777069 -0.034694
v -0.249687 -0.776209 -0.031216
v -0.253992 -0.775110 -0.028529
v -0.258694 -0.773813 -0.026738
v -0.263613 -0.772368 -0.025910
v -0.268559 -0.770831 -0.026080
v -0.273343 -0.769261 -0.027238
v -0.277781 -0.767717 -0.029341
v -0.281702 -0.766260 -0.032309
v -0.284956 -0.764947 -0.036027
v -0.287417 -0.763825 -0.040351
v -0.288991 -0.762940 -0.045116
v -0.289617 -0.762325 -0.050140
v -0.289272 -0.762003 -0.055229
v -0.287968 -0.761987 -0.060187
v -0.285756 -0.762279 -0.064823
v -0.282721 -0.762865 -0.068960
v -0.278979 -0.763725 -0.072439
v -0.274674 -0.764824 -0.075126
v -0.268755 -0.766470 -0.077232
v -0.263808 -0.767943 -0.077811
v -0.258882 -0.769496 -0.077392
v -0.254165 -0.771066 -0.075989
v -0.249839 -0.772593 -0.073659
v -0.246069 -0.774020 -0.070490
v -0.243002 -0.775291 -0.066603
v -0.240754 -0.776358 -0.062149
v -0.239413 -0.777179 -0.057298
v -0.239029 -0.777722 -0.052237
v -0.239618 -0.777968 -0.047160
v -0.241156 -0.777907 -0.042262
v -0.243586 -0.777540 -0.037732
v -0.246811 -0.776882 -0.033743
v -0.250711 -0.775959 -0.030450
v -0.255135 -0.774804 -0.027978
v -0.259911 -0.773464 -0.026423
v -0.264858 -0.771990 -0.025844
v -0.269785 -0.770438 -0.026263
v -0.274501 -0.768868 -0.027665
v -0.278827 -0.767340 -0.029995
v -0.282597 -0.765914 -0.033165
v -0.285664 -0.764642 -0.037051
v -0.287912 -0.763575 -0.041505
v -0.289254 -0.762755 -0.046357
v -0.289638 -0.762211 -0.051417
v -0.289048 -0.761965 -0.056495
v -0.287510 -0.762027 -0.061392
v -0.285081 -0.762394 -0.065922
v -0.281855 -0.763052 -0.069911
v -0.277955 -0.763975 -0.073204
v -0.273532 -0.765129 -0.075676
v -0.271190 -0.765772 -0.076601
v -0.266299 -0.767188 -0.077676
v -0.261332 -0.768710 -0.077758
v -0.256481 -0.770281 -0.076843
v -0.251932 -0.771839 -0.074967
v -0.247859 -0.773326 -0.072201
v -0.244419 -0.774683 -0.068652
v -0.241744 -0.775859 -0.064457
v -0.239939 -0.776809 -0.059777
v -0.239069 -0.777496 -0.054791
v -0.239171 -0.777893 -0.049691
v -0.240240 -0.777986 -0.044673
v -0.242235 -0.777771 -0.039931
v -0.245079 -0.777255 -0.035644
v -0.248663 -0.776460 -0.031981
v -0.252849 -0.775415 -0.029080
v -0.257476 -0.774161 -0.027053
v -0.262367 -0.772745 -0.025978
v -0.267334 -0.771224 -0.025897
v -0.272185 -0.769653 -0.026811
v -0.276735 -0.768095 -0.028688
v -0.280807 -0.766608 -0.031454
v -0.284247 -0.765250 -0.035002
v -0.286922 -0.764075 -0.039197
v -0.288727 -0.763125 -0.043877
v -0.289597 -0.762438 -0.048863
v -0.289495 -0.762041 -0.053963
v -0.288426 -0.761948 -0.058981
v -0.286431 -0.762163 -0.063723
v -0.283587 -0.762678 -0.068010
v -0.280003 -0.763474 -0.071673
v -0.275817 -0.764519 -0.074575
v -0.268146 -0.766644 -0.077389
v -0.263185 -0.768133 -0.077844
v -0.258269 -0.769691 -0.077300
v -0.253585 -0.771262 -0.075777
v -0.249315 -0.772783 -0.073333
v -0.245622 -0.774194 -0.070063
v -0.242648 -0.775444 -0.066091
v -0.240506 -0.776483 -0.061572
v -0.239281 -0.777271 -0.056678
v -0.239019 -0.777780 -0.051599
v -0.239730 -0.777987 -0.046527
v -0.241385 -0.777887 -0.041660
v -0.243923 -0.777482 -0.037182
v -0.247245 -0.776788 -0.033268
v -0.251224 -0.775833 -0.030067
v -0.255706 -0.774651 -0.027703
v -0.260520 -0.773290 -0.026265
v -0.265481 -0.771801 -0.025810
v -0.270397 -0.770242 -0.026354
v -0.275081 -0.768672 -0.027877
v -0.279351 -0.767151 -0.030321
v -0.283044 -0.765740 -0.033591
v -0.286018 -0.764490 -0.037563
v -0.288160 -0.763451 -0.042082
v -0.289385 -0.762662 -0.046976
v -0.289647 -0.762154 -0.052056
v -0.288936 -0.761946 -0.057127
v -0.287281 -0.762047 -0.061995
v -0.284743 -0.762452 -0.066472
v -0.281421 -0.763146 -0.070386
v -0.277443 -0.764101 -0.073587
v -0.272960 -0.765282 -0.075952
v -0.270581 -0.765947 -0.076758
v -0.265676 -0.767377 -0.077709
v -0.260720 -0.768907 -0.077666
v -0.255902 -0.770477 -0.076630
v -0.251409 -0.772028 -0.074639
v -0.247411 -0.773499 -0.071773
v -0.244065 -0.774835 -0.068140
v -0.241497 -0.775984 -0.063880
v -0.239807 -0.776901 -0.059157
v -0.239059 -0.777553 -0.054152
v -0.239283 -0.777912 -0.049059
v -0.240469 -0.777966 -0.044070
v -0.242573 -0.777713 -0.039381
v -0.245512 -0.777162 -0.035169
v -0.249175 -0.776335 -0.031599
v -0.253420 -0.775263 -0.028804
v -0.258085 -0.773987 -0.026896
v -0.262990 -0.772557 -0.025945
v -0.267947 -0.771027 -0.025988
v -0.272764 -0.769457 -0.027025
v -0.277257 -0.767906 -0.029015
v -0.281255 -0.766434 -0.031881
v -0.284601 -0.765099 -0.035514
v -0.287169 -0.763950 -0.039774
v -0.288859 -0.763033 -0.044497
v -0.289607 -0.762381 -0.049502
v -0.289383 -0.762022 -0.054596
v -0.288197 -0.761968 -0.059584
v -0.286093 -0.762221 -0.064273
v -0.283155 -0.762772 -0.068485
v -0.279491 -0.763599 -0.072056
v -0.275246 -0.764671 -0.074850
v -0.269363 -0.766295 -0.077074
v -0.264431 -0.767755 -0.077777
v -0.259494 -0.769299 -0.077483
v -0.254743 -0.770869 -0.076203
v -0.250362 -0.772405 -0.073987
v -0.246517 -0.773846 -0.070917
v -0.243356 -0.775139 -0.067116
v -0.241002 -0.776233 -0.062726
v -0.239544 -0.777086 -0.057918
v -0.239040 -0.777666 -0.052875
v -0.239506 -0.777950 -0.047793
v -0.240928 -0.777927 -0.042864
v -0.243247 -0.777598 -0.038282
v -0.246379 -0.776975 -0.034218
v -0.250200 -0.776084 -0.030833
v -0.254563 -0.774957 -0.028253
v -0.259303 -0.773639 -0.026580
v -0.264235 -0.772179 -0.025877
v -0.269172 -0.770635 -0.026171
v -0.273923 -0.769065 -0.027451
v -0.278305 -0.767529 -0.029668
v -0.282149 -0.766087 -0.032737
v -0.285311 -0.764794 -0.036538
v -0.287665 -0.763701 -0.040928
v -0.289122 -0.762847 -0.045736
v -0.289627 -0.762268 -0.050779
v -0.289160 -0.761984 -0.055861
v -0.287739 -0.762007 -0.060790
v -0.285419 -0.762336 -0.065372
v -0.282288 -0.762959 -0.069436
v -0.278467 -0.763850 -0.072822
v -0.274103 -0.764977 -0.075401
v -0.271799 -0.765598 -0.076444
v -0.266921 -0.766999 -0.077643
v -0.261945 -0.768514 -0.077850
v -0.257060 -0.770085 -0.077056
v -0.252455 -0.771651 -0.075293
v -0.248306 -0.773152 -0.072628
v -0.244774 -0.774531 -0.069165
v -0.241992 -0.775735 -0.065034
v -0.240070 -0.776716 -0.060397
v -0.239080 -0.777439 -0.055429
v -0.239060 -0.777874 -0.050324
v -0.240011 -0.778005 -0.045276
v -0.241897 -0.777828 -0.040481
v -0.244646 -0.777349 -0.036120
v -0.248151 -0.776586 -0.032364
v -0.252278 -0.775568 -0.029356
v -0.256867 -0.774336 -0.027210
v -0.261745 -0.772934 -0.026012
v -0.266721 -0.771420 -0.025806
v -0.271606 -0.769849 -0.026599
v -0.276211 -0.768283 -0.028361
v -0.280360 -0.766782 -0.031026
v -0.283893 -0.765403 -0.034489
v -0.286674 -0.764199 -0.038620
v -0.288596 -0.763218 -0.043258
v -0.289586 -0.762495 -0.048225
v -0.289606 -0.762060 -0.053330
v -0.288655 -0.761928 -0.058378
v -0.286769 -0.762106 -0.063175
v -0.284020 -0.762585 -0.067534
v -0.280515 -0.763348 -0.071291
v -0.276389 -0.764366 -0.074298
v -0.267385 -0.766861 -0.077587
v -0.262407 -0.768368 -0.077887
v -0.257503 -0.769938 -0.077186
v -0.252862 -0.771507 -0.075510
v -0.248661 -0.773018 -0.072924
v -0.245063 -0.774412 -0.069527
v -0.242205 -0.775634 -0.065451
v -0.240197 -0.776639 -0.060851
v -0.239117 -0.777387 -0.055904
v -0.239007 -0.777851 -0.050801
v -0.239868 -0.778011 -0.045736
v -0.241671 -0.777862 -0.040906
v -0.244344 -0.777410 -0.036495
v -0.247786 -0.776672 -0.032675
v -0.251864 -0.775676 -0.029589
v -0.256420 -0.774461 -0.027358
v -0.261281 -0.773072 -0.026068
v -0.266259 -0.771565 -0.025767
v -0.271163 -0.769996 -0.026469
v -0.275804 -0.768427 -0.028144
v -0.280005 -0.766916 -0.030730
v -0.283604 -0.765522 -0.034127
v -0.286462 -0.764300 -0.038203
v -0.288469 -0.763295 -0.042803
v -0.289549 -0.762546 -0.047750
v -0.289660 -0.762083 -0.052855
v -0.288798 -0.761923 -0.057918
v -0.286995 -0.762072 -0.062749
v -0.284322 -0.762524 -0.067159
v -0.280880 -0.763262 -0.070981
v -0.276803 -0.764258 -0.074065
v -0.272246 -0.765473 -0.076296
v -0.269821 -0.766164 -0.076956
v -0.264898 -0.767613 -0.077752
v -0.259954 -0.769152 -0.077551
v -0.255178 -0.770722 -0.076363
v -0.250754 -0.772264 -0.074232
v -0.246853 -0.773717 -0.071238
v -0.243622 -0.775025 -0.067500
v -0.241187 -0.776139 -0.063159
v -0.239642 -0.777017 -0.058382
v -0.239047 -0.777623 -0.053354
v -0.239423 -0.777936 -0.048267
v -0.240756 -0.777941 -0.043317
v -0.242994 -0.777640 -0.038694
v -0.246054 -0.777045 -0.034576
v -0.249815 -0.776177 -0.031120
v -0.254135 -0.775071 -0.028460
v -0.258846 -0.773769 -0.026699
v -0.263768 -0.772320 -0.025902
v -0.268713 -0.770782 -0.026103
v -0.273488 -0.769212 -0.027291
v -0.277912 -0.767670 -0.029423
v -0.281814 -0.766217 -0.032416
v -0.285045 -0.764909 -0.036154
v -0.287479 -0.763794 -0.040496
v -0.289024 -0.762917 -0.045272
v -0.289619 -0.762310 -0.050300
v -0.289244 -0.761998 -0.055387
v -0.287911 -0.761993 -0.060337
v -0.285672 -0.762293 -0.064960
v -0.282613 -0.762888 -0.069079
v -0.278851 -0.763756 -0.072535
v -0.274532 -0.764862 -0.075194
v -0.268603 -0.766513 -0.077271
v -0.263652 -0.767990 -0.077819
v -0.258728 -0.769544 -0.077368
v -0.254020 -0.771114 -0.075936
v -0.249708 -0.772640 -0.073578
v -0.245958 -0.774064 -0.070383
v -0.242914 -0.775329 -0.066475
v -0.240692 -0.776389 -0.062005
v -0.239380 -0.777203 -0.057143
v -0.239027 -0.777737 -0.052077
v -0.239645 -0.777973 -0.047002
v -0.241214 -0.777902 -0.042111
v -0.243670 -0.777526 -0.037595
v -0.246919 -0.776859 -0.033625
v -0.250839 -0.775927 -0.030355
v -0.255277 -0.774766 -0.027910
v -0.260063 -0.773421 -0.026383
v -0.265014 -0.771943 -0.025835
v -0.269938 -0.770390 -0.026286
v -0.274646 -0.768819 -0.027718
v -0.278958 -0.767293 -0.030076
v -0.282709 -0.765870 -0.033271
v -0.285752 -0.764604 -0.037179
v -0.287974 -0.763544 -0.041649
v -0.289286 -0.762731 -0.046511
v -0.289640 -0.762196 -0.051577
v -0.289021 -0.761960 -0.056652
v -0.287452 -0.762032 -0.061543
v -0.284997 -0.762408 -0.066059
v -0.281747 -0.763075 -0.070030
v -0.277827 -0.764007 -0.073300
v -0.273389 -0.765168 -0.075745
v -0.271037 -0.765816 -0.076640
v -0.266143 -0.767235 -0.077684
v -0.261179 -0.768760 -0.077735
v -0.256337 -0.770330 -0.076790
v -0.251801 -0.771886 -0.074884
v -0.247747 -0.773369 -0.072094
v -0.244330 -0.774721 -0.068524
v -0.241683 -0.775890 -0.064313
v -0.239906 -0.776832 -0.059622
v -0.239067 -0.777510 -0.054631
v -0.239199 -0.777898 -0.049533
v -0.240297 -0.777981 -0.044522
v -0.242319 -0.777756 -0.039793
v -0.245187 -0.777232 -0.035526
v -0.248791 -0.776429 -0.031885
v -0.252991 -0.775378 -0.029011
v -0.257629 -0.774117 -0.027014
v -0.262523 -0.772699 -0.025970
v -0.267487 -0.771174 -0.025919
v -0.272329 -0.769604 -0.026865
v -0.276865 -0.768048 -0.028770
v -0.280919 -0.766565 -0.031560
v -0.284336 -0.765212 -0.035130
v -0.286983 -0.764043 -0.039341
v -0.288761 -0.763101 -0.044033
v -0.289599 -0.762424 -0.049023
v -0.289467 -0.762035 -0.054121
v -0.288369 -0.761953 -0.059132
v -0.286347 -0.762177 -0.063861
v -0.283479 -0.762702 -0.068128
v -0.279875 -0.763505 -0.071769
v -0.275675 -0.764556 -0.074643
v -0.267994 -0.766687 -0.077428
v -0.263030 -0.768180 -0.077852
v -0.258116 -0.769741 -0.077277
v -0.253440 -0.771310 -0.075723
v -0.249184 -0.772830 -0.073251
v -0.245510 -0.774238 -0.069955
v -0.242559 -0.775482 -0.065964
v -0.240445 -0.776514 -0.061428
v -0.239248 -0.777295 -0.056524
v -0.239016 -0.777794 -0.051439
v -0.239757 -0.777992 -0.046368
v -0.241442 -0.777882 -0.041509
v -0.244007 -0.777468 -0.037045
v -0.247353 -0.776765 -0.033150
v -0.251352 -0.775801 -0.029972
v -0.255849 -0.774613 -0.027634
v -0.260672 -0.773247 -0.026226
v -0.265636 -0.771754 -0.025802
v -0.270550 -0.770193 -0.026377
v -0.275225 -0.768623 -0.027931
v -0.279482 -0.767104 -0.030404
v -0.283156 -0.765696 -0.033699
v -0.286107 -0.764452 -0.037692
v -0.288221 -0.763419 -0.042226
v -0.289418 -0.762639 -0.047131
v -0.289650 -0.762140 -0.052215
v -0.288910 -0.761942 -0.057286
v -0.287224 -0.762052 -0.062146
v -0.284659 -0.762466 -0.066609
v -0.281313 -0.763169 -0.070505
v -0.277315 -0.764133 -0.073683
v -0.272817 -0.765321 -0.076021
v -0.270428 -0.765991 -0.076798
v -0.265521 -0.767424 -0.077719
v -0.260567 -0.768955 -0.077644
v -0.255757 -0.770526 -0.076576
v -0.251278 -0.772074 -0.074558
v -0.247299 -0.773542 -0.071666
v -0.243976 -0.774873 -0.068013
v -0.241435 -0.776015 -0.063736
v -0.239773 -0.776925 -0.059002
v -0.239056 -0.777567 -0.053993
v -0.239311 -0.777917 -0.048900
v -0.240527 -0.777961 -0.043920
v -0.242657 -0.777699 -0.039244
v -0.245620 -0.777138 -0.035051
v -0.249303 -0.776303 -0.031502
v -0.253563 -0.775224 -0.028736
v -0.258238 -0.773943 -0.026856
v -0.263145 -0.772510 -0.025937
v -0.268099 -0.770978 -0.026011
v -0.272909 -0.769408 -0.027078
v -0.277388 -0.767859 -0.029096
v -0.281367 -0.766391 -0.031988
v -0.284690 -0.765061 -0.035642
v -0.287231 -0.763919 -0.039919
v -0.288893 -0.763009 -0.044652
v -0.289610 -0.762367 -0.049661
v -0.289355 -0.762017 -0.054754
v -0.288140 -0.761973 -0.059735
v -0.286010 -0.762235 -0.064410
v -0.283046 -0.762796 -0.068604
v -0.279363 -0.763631 -0.072152
v -0.275103 -0.764709 -0.074918
v -0.269212 -0.766339 -0.077113
v -0.264275 -0.767802 -0.077786
v -0.259341 -0.769349 -0.077460
v -0.254599 -0.770918 -0.076149
v -0.250231 -0.772452 -0.073904
v -0.246405 -0.773890 -0.070811
v -0.243268 -0.775178 -0.066988
v -0.240940 -0.776265 -0.062582
v -0.239511 -0.777110 -0.057763
v -0.239036 -0.777680 -0.052716
v -0.239533 -0.777954 -0.047634
v -0.240984 -0.777922 -0.042714
v -0.243332 -0.777583 -0.038144
v -0.246487 -0.776952 -0.034100
v -0.250327 -0.776053 -0.030737
v -0.254706 -0.774919 -0.028185
v -0.259455 -0.773595 -0.026541
v -0.264391 -0.772132 -0.025869
v -0.269325 -0.770585 -0.026194
v -0.274067 -0.769015 -0.027505
v -0.278435 -0.767482 -0.029750
v -0.282262 -0.766044 -0.032844
v -0.285399 -0.764756 -0.036667
v -0.287726 -0.763669 -0.041072
v -0.289155 -0.762824 -0.045891
v -0.289630 -0.762254 -0.050938
v -0.289133 -0.761979 -0.056020
v -0.287682 -0.762012 -0.060940
v -0.285334 -0.762350 -0.065510
v -0.282180 -0.762982 -0.069555
v -0.278339 -0.763881 -0.072917
v -0.273960 -0.765015 -0.075469
v -0.271646 -0.765642 -0.076483
v -0.266766 -0.767047 -0.077651
v -0.261792 -0.768563 -0.077826
v -0.256915 -0.770133 -0.077003
v -0.252324 -0.771698 -0.075212
v -0.248194 -0.773195 -0.072522
v -0.244685 -0.774569 -0.069036
v -0.241930 -0.775766 -0.064890
v -0.240037 -0.776740 -0.060242
v -0.239077 -0.777453 -0.055270
v -0.239088 -0.777879 -0.050165
v -0.240069 -0.778001 -0.045125
v -0.241982 -0.777814 -0.040343
v -0.244754 -0.777326 -0.036002
v -0.248279 -0.776554 -0.032268
v -0.252420 -0.775530 -0.029286
v -0.257020 -0.774292 -0.027171
v -0.261900 -0.772887 -0.026003
v -0.266874 -0.771371 -0.025828
v -0.271751 -0.769801 -0.026651
v -0.276342 -0.768236 -0.028443
v -0.280472 -0.766739 -0.031132
v -0.283981 -0.765365 -0.034618
v -0.286736 -0.764168 -0.038764
v -0.288630 -0.763194 -0.043413
v -0.289589 -0.762481 -0.048385
v -0.289579 -0.762054 -0.053489
v -0.288598 -0.761933 -0.058529
v -0.286684 -0.762120 -0.063312
v -0.283912 -0.762608 -0.067652
v -0.280387 -0.763380 -0.071386
v -0.276246 -0.764404 -0.074368
v -0.267690 -0.766774 -0.077508
v -0.262719 -0.768274 -0.077870
v -0.257809 -0.769839 -0.077231
v -0.253151 -0.771409 -0.075617
v -0.248923 -0.772924 -0.073088
v -0.245286 -0.774325 -0.069742
v -0.242382 -0.775558 -0.065707
v -0.240321 -0.776576 -0.061139
v -0.239183 -0.777341 -0.056214
v -0.239012 -0.777822 -0.051120
v -0.239813 -0.778002 -0.046053
v -0.241557 -0.777872 -0.041208
v -0.244176 -0.777439 -0.036770
v -0.247570 -0.776718 -0.032912
v -0.251608 -0.775739 -0.029780
v -0.256135 -0.774537 -0.027496
v -0.260977 -0.773160 -0.026147
v -0.265948 -0.771660 -0.025784
v -0.270857 -0.770095 -0.026423
v -0.275515 -0.768525 -0.028037
v -0.279744 -0.767010 -0.030566
v -0.283380 -0.765609 -0.033912
v -0.286284 -0.764376 -0.037947
v -0.288346 -0.763357 -0.042515
v -0.289483 -0.762592 -0.047440
v -0.289654 -0.762111 -0.052535
v -0.288853 -0.761932 -0.057602
v -0.287109 -0.762062 -0.062448
v -0.284490 -0.762494 -0.066884
v -0.281097 -0.763215 -0.070742
v -0.277058 -0.764195 -0.073874
v -0.272531 -0.765397 -0.076159
v -0.270125 -0.766077 -0.076877
v -0.265210 -0.767518 -0.077735
v -0.260260 -0.769054 -0.077597
v -0.255468 -0.770624 -0.076469
v -0.251016 -0.772170 -0.074394
v -0.247076 -0.773629 -0.071453
v -0.243799 -0.774949 -0.067756
v -0.241312 -0.776077 -0.063447
v -0.239708 -0.776971 -0.058692
v -0.239052 -0.777595 -0.053674
v -0.239366 -0.777926 -0.048584
v -0.240641 -0.777951 -0.043618
v -0.242826 -0.777670 -0.038969
v -0.245837 -0.777092 -0.034813
v -0.249559 -0.776241 -0.031311
v -0.253849 -0.775148 -0.028598
v -0.258542 -0.773857 -0.026778
v -0.263457 -0.772416 -0.025919
v -0.268406 -0.770880 -0.026057
v -0.273198 -0.769309 -0.027185
v -0.277650 -0.767764 -0.029260
v -0.281591 -0.766304 -0.032201
v -0.284867 -0.764985 -0.035898
v -0.287354 -0.763856 -0.040207
v -0.288958 -0.762963 -0.044962
v -0.289614 -0.762339 -0.049981
v -0.289300 -0.762007 -0.055071
v -0.288025 -0.761982 -0.060036
v -0.285840 -0.762264 -0.064685
v -0.282829 -0.762842 -0.068841
v -0.279107 -0.763693 -0.072343
v -0.274817 -0.764786 -0.075056
v -0.268907 -0.766425 -0.077192
v -0.263964 -0.767896 -0.077802
v -0.259035 -0.769446 -0.077415
v -0.254309 -0.771017 -0.076043
v -0.249969 -0.772546 -0.073742
v -0.246181 -0.773977 -0.070597
v -0.243091 -0.775253 -0.066732
v -0.240816 -0.776327 -0.062294
v -0.239445 -0.777156 -0.057453
v -0.239032 -0.777708 -0.052397
v -0.239590 -0.777964 -0.047318
v -0.241098 -0.777911 -0.042412
v -0.243501 -0.777554 -0.037870
v -0.246703 -0.776905 -0.033862
v -0.250584 -0.775989 -0.030546
v -0.254992 -0.774843 -0.028047
v -0.259759 -0.773508 -0.026462
v -0.264703 -0.772038 -0.025852
v -0.269631 -0.770487 -0.026239
v -0.274357 -0.768917 -0.027612
v -0.278697 -0.767388 -0.029914
v -0.282486 -0.765957 -0.033057
v -0.285575 -0.764681 -0.036922
v -0.287851 -0.763607 -0.041360
v -0.289221 -0.762778 -0.046201
v -0.289634 -0.762226 -0.051258
v -0.289077 -0.761970 -0.056337
v -0.287568 -0.762022 -0.061242
v -0.285165 -0.762380 -0.065785
v -0.281963 -0.763029 -0.069792
v -0.278082 -0.763944 -0.073108
v -0.273674 -0.765091 -0.075607
v -0.271342 -0.765729 -0.076562
v -0.266454 -0.767141 -0.077668
v -0.261486 -0.768661 -0.077780
v -0.256626 -0.770232 -0.076896
v -0.252063 -0.771792 -0.075048
v -0.247970 -0.773282 -0.072308
v -0.244508 -0.774645 -0.068781
v -0.241807 -0.775828 -0.064601
v -0.239971 -0.776786 -0.059931
v -0.239072 -0.777481 -0.054950
v -0.239143 -0.777889 -0.049850
v -0.240183 -0.777991 -0.044824
v -0.242150 -0.777785 -0.040068
v -0.244971 -0.777279 -0.035763
v -0.248535 -0.776492 -0.032077
v -0.252707 -0.775453 -0.029149
v -0.257324 -0.774204 -0.027092
v -0.262212 -0.772793 -0.025987
v -0.267180 -0.771273 -0.025874
v -0.272040 -0.769702 -0.026758
v -0.276604 -0.768142 -0.028606
v -0.280695 -0.766652 -0.031347
v -0.284158 -0.765289 -0.034873
v -0.286860 -0.764106 -0.039053
v -0.288696 -0.763148 -0.043723
v -0.289594 -0.762453 -0.048704
v -0.289523 -0.762045 -0.053804
v -0.288483 -0.761943 -0.058830
v -0.286516 -0.762148 -0.063586
v -0.283695 -0.762655 -0.067891
v -0.280131 -0.763442 -0.071578
v -0.275960 -0.764480 -0.074505
v -0.268298 -0.766600 -0.077350
v -0.263342 -0.768085 -0.077836
v -0.258422 -0.769643 -0.077323
v -0.253730 -0.771213 -0.075830
v -0.249446 -0.772735 -0.073414
v -0.245734 -0.774151 -0.070169
v -0.242736 -0.775406 -0.066219
v -0.240569 -0.776452 -0.061716
v -0.239314 -0.777249 -0.056833
v -0.239021 -0.777766 -0.051758
v -0.239701 -0.777983 -0.046685
v -0.241328 -0.777892 -0.041809
v -0.243838 -0.777497 -0.037320
v -0.247137 -0.776812 -0.033387
v -0.251096 -0.775865 -0.030163
v -0.255563 -0.774690 -0.027772
v -0.260368 -0.773334 -0.026305
v -0.265325 -0.771849 -0.025818
v -0.270244 -0.770291 -0.026332
v -0.274936 -0.768721 -0.027825
v -0.279220 -0.767199 -0.030240
v -0.282933 -0.765783 -0.033485
v -0.285930 -0.764528 -0.037435
v -0.288098 -0.763482 -0.041938
v -0.289352 -0.762685 -0.046821
v -0.289645 -0.762168 -0.051896
v -0.288965 -0.761951 -0.056969
v -0.287338 -0.762041 -0.061845
v -0.284828 -0.762437 -0.066334
v -0.281529 -0.763122 -0.070267
v -0.277570 -0.764069 -0.073491
v -0.273103 -0.765244 -0.075882
v -0.270733 -0.765904 -0.076719
v -0.265831 -0.767329 -0.077701
v -0.260873 -0.768857 -0.077689
v -0.256046 -0.770428 -0.076683
v -0.251539 -0.771980 -0.074722
v -0.247524 -0.773456 -0.071881
v -0.244153 -0.774797 -0.068268
v -0.241559 -0.775952 -0.064024
v -0.239839 -0.776879 -0.059312
v -0.239062 -0.777538 -0.054312
v -0.239255 -0.777907 -0.049216
v -0.240411 -0.777971 -0.044221
v -0.242489 -0.777727 -0.039519
v -0.245403 -0.777185 -0.035288
v -0.249048 -0.776366 -0.031694
v -0.253278 -0.775301 -0.028873
v -0.257933 -0.774030 -0.026935
v -0.262835 -0.772604 -0.025953
v -0.267794 -0.771077 -0.025965
v -0.272620 -0.769506 -0.026971
v -0.277127 -0.767954 -0.028933
v -0.281143 -0.766478 -0.031775
v -0.284513 -0.765137 -0.035386
v -0.287107 -0.763981 -0.039630
v -0.288827 -0.763055 -0.044342
v -0.289605 -0.762395 -0.049342
v -0.289411 -0.762026 -0.054438
v -0.288255 -0.761963 -0.059433
v -0.286178 -0.762206 -0.064135
v -0.283263 -0.762748 -0.068366
v -0.279620 -0.763568 -0.071960
v -0.275389 -0.764633 -0.074781
v -0.269516 -0.766251 -0.077035
v -0.264586 -0.767708 -0.077769
v -0.259648 -0.769250 -0.077506
v -0.254888 -0.770821 -0.076256
v -0.250493 -0.772358 -0.074068
v -0.246629 -0.773803 -0.071025
v -0.243444 -0.775101 -0.067243
v -0.241064 -0.776202 -0.062871
v -0.239577 -0.777064 -0.058073
v -0.239042 -0.777652 -0.053035
v -0.239478 -0.777945 -0.047951
v -0.240870 -0.777932 -0.043015
v -0.243163 -0.777612 -0.038419
v -0.246270 -0.776999 -0.034338
v -0.250072 -0.776115 -0.030929
v -0.254421 -0.774995 -0.028323
v -0.259150 -0.773683 -0.026619
v -0.264080 -0.772226 -0.025885
v -0.269018 -0.770684 -0.026148
v -0.273778 -0.769113 -0.027398
v -0.278174 -0.767576 -0.029586
v -0.282038 -0.766130 -0.032629
v -0.285222 -0.764832 -0.036411
v -0.287602 -0.763732 -0.040783
v -0.289089 -0.762870 -0.045582
v -0.289625 -0.762282 -0.050619
v -0.289188 -0.761989 -0.055703
v -0.287797 -0.762002 -0.060639
v -0.285503 -0.762321 -0.065235
v -0.282396 -0.762935 -0.069317
v -0.278595 -0.763819 -0.072725
v -0.274245 -0.764939 -0.075332
v -0.271951 -0.765555 -0.076404
v -0.267078 -0.766952 -0.077634
v -0.262098 -0.768465 -0.077872
v -0.257205 -0.770036 -0.077110
v -0.252586 -0.771604 -0.075375
v -0.248418 -0.773108 -0.072735
v -0.244862 -0.774493 -0.069292
v -0.242054 -0.775703 -0.065179
v -0.240103 -0.776694 -0.060552
v -0.239082 -0.777424 -0.055589
v -0.239031 -0.777870 -0.050482
v -0.239954 -0.778011 -0.045427
v -0.241813 -0.777843 -0.040618
v -0.244538 -0.777372 -0.036239
v -0.248023 -0.776617 -0.032460
v -0.252135 -0.775606 -0.029424
v -0.256715 -0.774379 -0.027250
v -0.261589 -0.772982 -0.026020
v -0.266568 -0.771469 -0.025782
v -0.271461 -0.769898 -0.026545
v -0.276080 -0.768330 -0.028280
v -0.280248 -0.766826 -0.030919
v -0.283804 -0.765441 -0.034362
v -0.286613 -0.764231 -0.038476
v -0.288564 -0.763240 -0.043103
v -0.289584 -0.762509 -0.048065
v -0.289635 -0.762064 -0.053172
v -0.288712 -0.761923 -0.058227
v -0.286853 -0.762091 -0.063037
v -0.284128 -0.762561 -0.067415
v -0.280644 -0.763317 -0.071195
v -0.276531 -0.764327 -0.074230
v -0.121212 -0.638032 -0.029702
v -0.197042 -0.615099 -0.027447
v -0.121265 -0.635867 -0.053537
v -0.197096 -0.612933 -0.051280
v -0.105296 -0.585869 -0.024999
v -0.181126 -0.562935 -0.022743
v -0.105349 -0.583703 -0.048832
v -0.181180 -0.560769 -0.046576
v -0.164890 -0.709053 -0.035960
v -0.220471 -0.692244 -0.034306
v -0.164944 -0.706888 -0.059793
v -0.220526 -0.690079 -0.058139
v -0.148887 -0.656605 -0.031230
v -0.204468 -0.639795 -0.029576
v -0.148941 -0.654439 -0.055064
v -0.204523 -0.637630 -0.053411
v -0.270711 -0.741335 -0.049460
v -0.271419 -0.742786 -0.063440
v -0.273549 -0.749131 -0.074143
v -0.276530 -0.758671 -0.078702
v -0.279563 -0.768849 -0.075894
v -0.281835 -0.776938 -0.066473
v -0.282737 -0.780771 -0.052962
v -0.282029 -0.779321 -0.038982
v -0.279899 -0.772975 -0.028279
v -0.276918 -0.763435 -0.023720
v -0.273885 -0.753257 -0.026528
v -0.271613 -0.745168 -0.035949
v -0.258049 -0.746097 -0.049783
v -0.259096 -0.747420 -0.063755
v -0.262154 -0.753417 -0.074434
v -0.266400 -0.762480 -0.078961
v -0.270699 -0.772182 -0.076120
v -0.273898 -0.779922 -0.066675
v -0.275139 -0.783627 -0.053156
v -0.274092 -0.782305 -0.039185
v -0.271035 -0.776308 -0.028505
v -0.266789 -0.767244 -0.023978
v -0.262489 -0.757542 -0.026819
v -0.259291 -0.749801 -0.036264
v -0.246117 -0.752463 -0.050250
v -0.247485 -0.753616 -0.064210
v -0.251415 -0.759146 -0.074855
v -0.256855 -0.767573 -0.079335
v -0.262347 -0.776639 -0.076448
v -0.266420 -0.783913 -0.066968
v -0.267981 -0.787448 -0.053436
v -0.266613 -0.786295 -0.039478
v -0.262683 -0.780765 -0.028832
v -0.257244 -0.772337 -0.024353
v -0.251752 -0.763272 -0.027239
v -0.247680 -0.755997 -0.036719
v -0.235122 -0.760327 -0.050854
v -0.236784 -0.761268 -0.064797
v -0.241519 -0.766223 -0.075399
v -0.248058 -0.773863 -0.079818
v -0.254650 -0.782143 -0.076871
v -0.259527 -0.788841 -0.067347
v -0.261384 -0.792165 -0.053799
v -0.259721 -0.791223 -0.039856
v -0.254986 -0.786268 -0.029255
v -0.248447 -0.778628 -0.024835
v -0.241855 -0.770349 -0.027782
v -0.236978 -0.763650 -0.037306
v -0.225249 -0.769551 -0.051584
v -0.227176 -0.770246 -0.065508
v -0.232634 -0.774526 -0.076055
v -0.240160 -0.781244 -0.080401
v -0.247740 -0.788600 -0.077381
v -0.253340 -0.794624 -0.067804
v -0.255460 -0.797701 -0.054237
v -0.253534 -0.797006 -0.040313
v -0.248075 -0.792726 -0.029766
v -0.240549 -0.786008 -0.025419
v -0.232970 -0.778652 -0.028440
v -0.227370 -0.772628 -0.038016
v -0.216669 -0.779980 -0.052427
v -0.218825 -0.780395 -0.066328
v -0.224912 -0.783912 -0.076814
v -0.233296 -0.789587 -0.081076
v -0.241733 -0.795901 -0.077971
v -0.247961 -0.801161 -0.068333
v -0.250312 -0.803958 -0.054742
v -0.248156 -0.803543 -0.040841
v -0.242070 -0.800026 -0.030356
v -0.233685 -0.794352 -0.026094
v -0.225248 -0.788038 -0.029198
v -0.219019 -0.782778 -0.038837
v -0.209528 -0.791436 -0.053370
v -0.211876 -0.791544 -0.067245
v -0.218485 -0.794222 -0.077661
v -0.227583 -0.798751 -0.081829
v -0.236735 -0.803919 -0.078631
v -0.243485 -0.808341 -0.068924
v -0.246027 -0.810831 -0.055307
v -0.243679 -0.810723 -0.041432
v -0.237070 -0.808045 -0.031015
v -0.227972 -0.803515 -0.026848
v -0.218821 -0.798347 -0.030046
v -0.212070 -0.793926 -0.039753
v -0.203948 -0.803720 -0.054395
v -0.206445 -0.803499 -0.068242
v -0.213463 -0.805277 -0.078584
v -0.223120 -0.808579 -0.082649
v -0.232828 -0.812519 -0.079349
v -0.239987 -0.816041 -0.069566
v -0.242679 -0.818201 -0.055923
v -0.240182 -0.818422 -0.042074
v -0.233165 -0.816645 -0.031733
v -0.223508 -0.813343 -0.027667
v -0.213799 -0.809403 -0.030969
v -0.206640 -0.805881 -0.040751
v -0.200025 -0.816624 -0.055484
v -0.202628 -0.816057 -0.069303
v -0.209932 -0.816891 -0.079565
v -0.219981 -0.818902 -0.083522
v -0.230082 -0.821551 -0.080112
v -0.237529 -0.824128 -0.070249
v -0.240326 -0.825945 -0.056576
v -0.237723 -0.826511 -0.042758
v -0.230419 -0.825677 -0.032495
v -0.220370 -0.823666 -0.028539
v -0.210268 -0.821017 -0.031950
v -0.202821 -0.818439 -0.041813
v -0.197825 -0.829926 -0.056622
v -0.200487 -0.829004 -0.070410
v -0.207952 -0.828863 -0.080589
v -0.218222 -0.829544 -0.084432
v -0.228543 -0.830863 -0.080908
v -0.236151 -0.832466 -0.070962
v -0.239006 -0.833925 -0.057259
v -0.236345 -0.834849 -0.043471
v -0.228878 -0.834989 -0.033292
v -0.218609 -0.834308 -0.029449
v -0.208289 -0.832989 -0.032973
v -0.200682 -0.831386 -0.042919
v -0.197388 -0.843400 -0.057786
v -0.200062 -0.842117 -0.071544
v -0.207559 -0.840990 -0.081637
v -0.217872 -0.840323 -0.085363
v -0.228237 -0.840294 -0.081723
v -0.235875 -0.840912 -0.071692
v -0.238744 -0.842010 -0.057957
v -0.236070 -0.843294 -0.044200
v -0.228572 -0.844421 -0.034107
v -0.218260 -0.845087 -0.030381
v -0.207895 -0.845115 -0.034021
v -0.200255 -0.844498 -0.044052
v -0.198719 -0.856814 -0.058958
v -0.201357 -0.855171 -0.072684
v -0.208757 -0.853062 -0.082692
v -0.218937 -0.851055 -0.086300
v -0.229168 -0.849685 -0.082543
v -0.236711 -0.849320 -0.072426
v -0.239543 -0.850058 -0.058660
v -0.236904 -0.851702 -0.044935
v -0.229505 -0.853810 -0.034927
v -0.219324 -0.855819 -0.031318
v -0.209093 -0.857189 -0.035076
v -0.201551 -0.857552 -0.045192
v -0.201797 -0.869939 -0.060117
v -0.204352 -0.867945 -0.073811
v -0.211526 -0.864875 -0.083735
v -0.221399 -0.861555 -0.087227
v -0.231323 -0.858872 -0.083354
v -0.238640 -0.857547 -0.073153
v -0.241389 -0.857934 -0.059356
v -0.238833 -0.859929 -0.045661
v -0.231659 -0.862997 -0.035738
v -0.221787 -0.866318 -0.032245
v -0.211863 -0.869001 -0.036119
v -0.204546 -0.870327 -0.046320
v -0.206568 -0.882551 -0.061244
v -0.208995 -0.880218 -0.074908
v -0.215821 -0.876226 -0.084748
v -0.225216 -0.871644 -0.088128
v -0.234662 -0.867700 -0.084142
v -0.241630 -0.865452 -0.073858
v -0.244251 -0.865500 -0.060031
v -0.241824 -0.867834 -0.046368
v -0.234998 -0.871827 -0.036527
v -0.225604 -0.876408 -0.033147
v -0.216157 -0.880352 -0.037133
v -0.209189 -0.882600 -0.047417
v -0.212951 -0.894433 -0.062318
v -0.215208 -0.891782 -0.075953
v -0.221566 -0.886920 -0.085715
v -0.230322 -0.881150 -0.088988
v -0.239131 -0.876018 -0.084895
v -0.245631 -0.872899 -0.074532
v -0.248081 -0.872629 -0.060677
v -0.245825 -0.875282 -0.047041
v -0.239467 -0.880143 -0.037279
v -0.230710 -0.885914 -0.034006
v -0.221902 -0.891045 -0.038100
v -0.215401 -0.894164 -0.048463
v -0.220837 -0.905383 -0.063322
v -0.222882 -0.902438 -0.076931
v -0.228663 -0.896774 -0.086620
v -0.236631 -0.889909 -0.089792
v -0.244650 -0.883683 -0.085598
v -0.250573 -0.879763 -0.075162
v -0.252813 -0.879200 -0.061279
v -0.250768 -0.882145 -0.047671
v -0.244987 -0.887809 -0.037982
v -0.237018 -0.894674 -0.034810
v -0.228998 -0.900900 -0.039003
v -0.223076 -0.904820 -0.049440
v -0.230090 -0.915213 -0.064239
v -0.231887 -0.912004 -0.077823
v -0.236991 -0.905621 -0.087445
v -0.244034 -0.897773 -0.090525
v -0.251129 -0.890563 -0.086240
v -0.256373 -0.885923 -0.075737
v -0.258364 -0.885097 -0.061829
v -0.256568 -0.888306 -0.048245
v -0.251464 -0.894689 -0.038624
v -0.244421 -0.902537 -0.035543
v -0.237327 -0.909747 -0.039829
v -0.232081 -0.914386 -0.050333
v -0.240553 -0.923755 -0.065053
v -0.242070 -0.920317 -0.078615
v -0.246407 -0.913308 -0.088178
v -0.252403 -0.904606 -0.091177
v -0.258452 -0.896542 -0.086809
v -0.262932 -0.891277 -0.076247
v -0.264642 -0.890222 -0.062318
v -0.263126 -0.893659 -0.048755
v -0.258788 -0.900668 -0.039194
v -0.252792 -0.909370 -0.036195
v -0.246744 -0.917434 -0.040561
v -0.242264 -0.922699 -0.051125
v -0.252047 -0.930861 -0.065750
v -0.253255 -0.927234 -0.079294
v -0.256752 -0.919705 -0.088805
v -0.261598 -0.910292 -0.091734
v -0.266497 -0.901518 -0.087298
v -0.270136 -0.895732 -0.076683
v -0.271539 -0.894486 -0.062736
v -0.270330 -0.898114 -0.049192
v -0.266834 -0.905644 -0.039681
v -0.261987 -0.915056 -0.036752
v -0.257088 -0.923830 -0.041188
v -0.253449 -0.929615 -0.051802
v -0.264374 -0.936412 -0.066318
v -0.265253 -0.932636 -0.079847
v -0.267846 -0.924701 -0.089316
v -0.271460 -0.914733 -0.092188
v -0.275127 -0.905403 -0.087695
v -0.277862 -0.899211 -0.077039
v -0.278935 -0.897817 -0.063077
v -0.278057 -0.901593 -0.049549
v -0.275463 -0.909529 -0.040079
v -0.271848 -0.919496 -0.037206
v -0.268182 -0.928826 -0.041700
v -0.265446 -0.935018 -0.052355
v -0.277324 -0.940313 -0.066748
v -0.277856 -0.936431 -0.080264
v -0.279501 -0.928211 -0.089702
v -0.281820 -0.917853 -0.092532
v -0.284192 -0.908134 -0.087996
v -0.285980 -0.901656 -0.077309
v -0.286705 -0.900157 -0.063334
v -0.286173 -0.904038 -0.049817
v -0.284527 -0.912259 -0.040379
v -0.282208 -0.922617 -0.037550
v -0.279837 -0.932337 -0.042087
v -0.278049 -0.938814 -0.052774
v -0.290676 -0.942495 -0.067031
v -0.290849 -0.938555 -0.080540
v -0.291518 -0.930175 -0.089957
v -0.292501 -0.919598 -0.092759
v -0.293537 -0.909661 -0.088194
v -0.294348 -0.903024 -0.077487
v -0.294716 -0.901466 -0.063504
v -0.294542 -0.905406 -0.049995
v -0.293874 -0.913787 -0.040578
v -0.292889 -0.924363 -0.037777
v -0.291854 -0.934301 -0.042341
v -0.291043 -0.940938 -0.053049
v -0.304200 -0.942923 -0.067164
v -0.304010 -0.938971 -0.080669
v -0.303689 -0.930560 -0.090077
v -0.303320 -0.919941 -0.092865
v -0.303005 -0.909960 -0.088286
v -0.302825 -0.903292 -0.077569
v -0.302830 -0.901723 -0.063584
v -0.303018 -0.905674 -0.050078
v -0.303340 -0.914086 -0.040671
v -0.303709 -0.924705 -0.037883
v -0.304025 -0.934685 -0.042460
v -0.304205 -0.941353 -0.053178
v -0.317665 -0.941588 -0.067142
v -0.317116 -0.937672 -0.080649
v -0.315808 -0.929359 -0.090058
v -0.314093 -0.918873 -0.092848
v -0.312430 -0.909026 -0.088272
v -0.311265 -0.902455 -0.077557
v -0.310909 -0.900922 -0.063572
v -0.311459 -0.904837 -0.050065
v -0.312766 -0.913152 -0.040657
v -0.314481 -0.923637 -0.037866
v -0.316144 -0.933484 -0.042442
v -0.317309 -0.940055 -0.053158
v -0.330842 -0.938514 -0.066970
v -0.329939 -0.934681 -0.080480
v -0.327667 -0.926592 -0.089902
v -0.324635 -0.916414 -0.092709
v -0.321654 -0.906873 -0.088151
v -0.319524 -0.900528 -0.077448
v -0.318816 -0.899078 -0.063468
v -0.319718 -0.902910 -0.049956
v -0.321990 -0.910999 -0.040535
v -0.325023 -0.921177 -0.037727
v -0.328003 -0.930717 -0.042286
v -0.330133 -0.937062 -0.052989
v -0.343504 -0.933752 -0.066646
v -0.342262 -0.930047 -0.080166
v -0.339063 -0.922307 -0.089611
v -0.334764 -0.912604 -0.092451
v -0.330517 -0.903541 -0.087924
v -0.327461 -0.897544 -0.077245
v -0.326412 -0.896221 -0.063273
v -0.327654 -0.899926 -0.049754
v -0.330854 -0.907667 -0.040309
v -0.335152 -0.917368 -0.037469
v -0.339399 -0.926432 -0.041995
v -0.342456 -0.932429 -0.052675
v -0.355434 -0.927385 -0.066179
v -0.353873 -0.923851 -0.079711
v -0.349801 -0.916577 -0.089190
v -0.344309 -0.907511 -0.092077
v -0.338869 -0.899084 -0.087597
v -0.334939 -0.893553 -0.076952
v -0.333572 -0.892401 -0.062993
v -0.335133 -0.895936 -0.049461
v -0.339206 -0.903210 -0.039982
v -0.344697 -0.912275 -0.037095
v -0.350137 -0.920702 -0.041575
v -0.354068 -0.926232 -0.052220
v -0.366431 -0.919522 -0.065575
v -0.364575 -0.916198 -0.079124
v -0.359697 -0.909499 -0.088647
v -0.353106 -0.901221 -0.091594
v -0.346566 -0.893579 -0.087175
v -0.341832 -0.888625 -0.076574
v -0.340168 -0.887683 -0.062630
v -0.342025 -0.891007 -0.049083
v -0.346903 -0.897705 -0.039559
v -0.353494 -0.905984 -0.036612
v -0.360034 -0.913625 -0.041031
v -0.364768 -0.918580 -0.051632
v -0.376304 -0.910297 -0.064846
v -0.374182 -0.907220 -0.078413
v -0.368582 -0.901197 -0.087991
v -0.361004 -0.893840 -0.091010
v -0.353477 -0.887122 -0.086664
v -0.348019 -0.882843 -0.076117
v -0.346093 -0.882148 -0.062194
v -0.348213 -0.885224 -0.048625
v -0.353813 -0.891248 -0.039048
v -0.361392 -0.898604 -0.036028
v -0.368919 -0.905323 -0.040374
v -0.374377 -0.909602 -0.050923
v -0.384884 -0.899868 -0.064002
v -0.382533 -0.897071 -0.077593
v -0.376304 -0.891810 -0.087231
v -0.367868 -0.885497 -0.090336
v -0.359483 -0.879822 -0.086074
v -0.353397 -0.876305 -0.075588
v -0.351240 -0.875890 -0.061687
v -0.353591 -0.878688 -0.048097
v -0.359820 -0.883947 -0.038458
v -0.368256 -0.890261 -0.035353
v -0.376641 -0.895936 -0.039616
v -0.382727 -0.899452 -0.050102
v -0.392025 -0.888413 -0.063060
v -0.389482 -0.885923 -0.076676
v -0.382731 -0.881501 -0.086383
v -0.373581 -0.876334 -0.089582
v -0.364483 -0.871803 -0.085415
v -0.357873 -0.869126 -0.074997
v -0.355525 -0.869017 -0.061122
v -0.358067 -0.871508 -0.047507
v -0.364818 -0.875930 -0.037799
v -0.373969 -0.881097 -0.034600
v -0.383068 -0.885626 -0.038768
v -0.389677 -0.888304 -0.049184
v -0.397605 -0.876128 -0.062036
v -0.394913 -0.873968 -0.075678
v -0.387754 -0.870445 -0.085461
v -0.378045 -0.866505 -0.088762
v -0.368388 -0.863204 -0.084697
v -0.361371 -0.861426 -0.074355
v -0.358874 -0.861647 -0.060507
v -0.361564 -0.863808 -0.046864
v -0.368724 -0.867330 -0.037081
v -0.378433 -0.871270 -0.033780
v -0.388089 -0.874570 -0.037845
v -0.395107 -0.876350 -0.048187
v -0.401528 -0.863225 -0.060945
v -0.398731 -0.861409 -0.074618
v -0.391284 -0.858831 -0.084479
v -0.381183 -0.856182 -0.087890
v -0.371134 -0.854172 -0.083934
v -0.363830 -0.853338 -0.073672
v -0.361227 -0.853904 -0.059853
v -0.364023 -0.855720 -0.046180
v -0.371470 -0.858297 -0.036318
v -0.381572 -0.860947 -0.032908
v -0.391621 -0.862957 -0.036864
v -0.398925 -0.863791 -0.047126
v -0.403727 -0.849921 -0.059808
v -0.400871 -0.848463 -0.073511
v -0.393264 -0.846860 -0.083457
v -0.382942 -0.845541 -0.086980
v -0.372673 -0.844860 -0.083138
v -0.365208 -0.845000 -0.072959
v -0.362546 -0.845922 -0.059170
v -0.365402 -0.847382 -0.045467
v -0.373010 -0.848985 -0.035522
v -0.383331 -0.850304 -0.031998
v -0.393599 -0.850985 -0.035840
v -0.401065 -0.850845 -0.046019
v -0.404165 -0.836449 -0.058644
v -0.401296 -0.835351 -0.072377
v -0.393658 -0.834733 -0.082408
v -0.383293 -0.834762 -0.086048
v -0.372979 -0.835428 -0.082323
v -0.365483 -0.836555 -0.072229
v -0.362809 -0.837839 -0.058472
v -0.365676 -0.838936 -0.044738
v -0.373316 -0.839554 -0.034707
v -0.383681 -0.839526 -0.031066
v -0.393993 -0.838859 -0.034793
v -0.401491 -0.837732 -0.044887
v -0.402833 -0.823034 -0.057471
v -0.400001 -0.822295 -0.071237
v -0.392459 -0.822660 -0.081354
v -0.382228 -0.824030 -0.085111
v -0.372048 -0.826038 -0.081503
v -0.364648 -0.828146 -0.071495
v -0.362010 -0.829790 -0.057769
v -0.364842 -0.830529 -0.044003
v -0.372384 -0.830164 -0.033887
v -0.382616 -0.828794 -0.030129
v -0.392796 -0.826786 -0.033738
v -0.400196 -0.824677 -0.043747
v -0.399756 -0.809909 -0.056312
v -0.397006 -0.809522 -0.070109
v -0.389690 -0.810848 -0.080311
v -0.379766 -0.813530 -0.084184
v -0.369893 -0.816850 -0.080691
v -0.362719 -0.819920 -0.070768
v -0.360164 -0.821915 -0.057074
v -0.362913 -0.822301 -0.043277
v -0.370230 -0.820976 -0.033076
v -0.380154 -0.818294 -0.029202
v -0.390025 -0.814973 -0.032695
v -0.397200 -0.811904 -0.042618
v -0.394985 -0.797298 -0.055187
v -0.392363 -0.797249 -0.069013
v -0.385395 -0.799497 -0.079297
v -0.375949 -0.803441 -0.083283
v -0.366554 -0.808022 -0.079902
v -0.359728 -0.812015 -0.070062
v -0.357301 -0.814348 -0.056398
v -0.359923 -0.814397 -0.042571
v -0.366890 -0.812148 -0.032287
v -0.376337 -0.808204 -0.028301
v -0.385732 -0.803623 -0.031681
v -0.392557 -0.799630 -0.041522
v -0.388601 -0.785415 -0.054112
v -0.386151 -0.785684 -0.067967
v -0.379651 -0.788803 -0.078330
v -0.370843 -0.793935 -0.082423
v -0.362086 -0.799705 -0.079150
v -0.355728 -0.804567 -0.069388
v -0.353471 -0.807218 -0.055753
v -0.355921 -0.806949 -0.041898
v -0.362422 -0.803830 -0.031535
v -0.371230 -0.798699 -0.027441
v -0.379987 -0.792928 -0.030714
v -0.386345 -0.788066 -0.040476
v -0.380715 -0.774465 -0.053107
v -0.378476 -0.775028 -0.066989
v -0.372554 -0.778948 -0.077426
v -0.364533 -0.785175 -0.081620
v -0.356566 -0.792040 -0.078448
v -0.350785 -0.797704 -0.068759
v -0.348740 -0.800649 -0.055150
v -0.350979 -0.800086 -0.041268
v -0.356902 -0.796166 -0.030831
v -0.364922 -0.789939 -0.026638
v -0.372890 -0.783074 -0.029811
v -0.378671 -0.777410 -0.039499
v -0.371462 -0.764635 -0.052190
v -0.369472 -0.765462 -0.066098
v -0.364226 -0.770101 -0.076601
v -0.357131 -0.777311 -0.080886
v -0.350089 -0.785159 -0.077805
v -0.344985 -0.791543 -0.068184
v -0.343188 -0.794751 -0.054600
v -0.345179 -0.793924 -0.040694
v -0.350424 -0.789285 -0.030189
v -0.357519 -0.782075 -0.025904
v -0.364561 -0.774227 -0.028985
v -0.369665 -0.767844 -0.038606
v -0.360999 -0.756094 -0.051377
v -0.359289 -0.757149 -0.065305
v -0.354809 -0.762415 -0.075868
v -0.348761 -0.770478 -0.080235
v -0.342764 -0.779180 -0.077235
v -0.338427 -0.786189 -0.067674
v -0.336910 -0.789627 -0.054111
v -0.338621 -0.788571 -0.040183
v -0.343100 -0.783306 -0.029620
v -0.349148 -0.775242 -0.025253
v -0.355144 -0.766540 -0.028253
v -0.359483 -0.759532 -0.037814
v -0.349506 -0.748987 -0.050679
v -0.348103 -0.750233 -0.064627
v -0.344465 -0.756018 -0.075241
v -0.339566 -0.764792 -0.079678
v -0.334719 -0.774206 -0.076748
v -0.331222 -0.781735 -0.067237
v -0.330014 -0.785362 -0.053693
v -0.331417 -0.784117 -0.039746
v -0.335055 -0.778331 -0.029132
v -0.339954 -0.769557 -0.024696
v -0.344801 -0.760144 -0.027625
v -0.348297 -0.752615 -0.037135
v -0.337178 -0.743436 -0.050111
v -0.336106 -0.744830 -0.064074
v -0.333370 -0.751022 -0.074730
v -0.329704 -0.760351 -0.079223
v -0.326090 -0.770320 -0.076350
v -0.323496 -0.778255 -0.066882
v -0.322618 -0.782031 -0.053353
v -0.323690 -0.780638 -0.039390
v -0.326426 -0.774445 -0.028735
v -0.330092 -0.765116 -0.024241
v -0.333707 -0.755147 -0.027114
v -0.336300 -0.747212 -0.036583
v -0.324228 -0.739536 -0.049683
v -0.323503 -0.741035 -0.063657
v -0.321715 -0.747512 -0.074344
v -0.319344 -0.757231 -0.078879
v -0.317025 -0.767590 -0.076050
v -0.315379 -0.775810 -0.066612
v -0.314848 -0.779691 -0.053095
v -0.315573 -0.778193 -0.039121
v -0.317361 -0.771715 -0.028434
v -0.319733 -0.761995 -0.023897
v -0.322052 -0.751638 -0.026727
v -0.323697 -0.743417 -0.036165
v -0.310877 -0.737353 -0.049399
v -0.310510 -0.738911 -0.063381
v -0.309699 -0.745547 -0.074088
v -0.308663 -0.755486 -0.078653
v -0.307679 -0.766062 -0.075851
v -0.307010 -0.774442 -0.066434
v -0.306837 -0.778382 -0.052925
v -0.307205 -0.776825 -0.038944
v -0.308015 -0.770188 -0.028236
v -0.309052 -0.760250 -0.023671
v -0.310035 -0.749673 -0.026472
v -0.310704 -0.741293 -0.035889
v -0.297353 -0.736926 -0.049267
v -0.297348 -0.738495 -0.063252
v -0.297528 -0.745163 -0.073969
v -0.297844 -0.755143 -0.078547
v -0.298212 -0.765762 -0.075758
v -0.298534 -0.774174 -0.066352
v -0.298723 -0.778125 -0.052845
v -0.298728 -0.776557 -0.038860
v -0.298548 -0.769888 -0.028143
v -0.298231 -0.759908 -0.023565
v -0.297863 -0.749289 -0.026354
v -0.297541 -0.740877 -0.035760
v -0.283888 -0.738261 -0.049287
v -0.284243 -0.739794 -0.063272
v -0.285408 -0.746365 -0.073988
v -0.287071 -0.756211 -0.078563
v -0.288786 -0.766698 -0.075773
v -0.290093 -0.775011 -0.066364
v -0.290643 -0.778927 -0.052858
v -0.290287 -0.777394 -0.038873
v -0.289122 -0.770823 -0.028157
v -0.287459 -0.760976 -0.023581
v -0.285745 -0.750490 -0.026372
v -0.284437 -0.742176 -0.035781
vn -0.3523 -0.0328 -0.9353
vn -0.2294 0.3664 -0.9018
vn -0.0538 0.3163 -0.9471
vn -0.1769 -0.0831 -0.9807
vn -0.2686 -0.0694 -0.9608
vn -0.2685 -0.0694 -0.9608
vn -0.2686 -0.0693 -0.9608
vn -0.2685 -0.0693 -0.9608
vn 0.1266 0.2619 -0.9567
vn 0.0033 -0.1382 -0.9904
vn -0.0904 -0.1221 -0.9884
vn -0.0904 -0.1222 -0.9884
vn -0.0905 -0.1221 -0.9884
vn -0.0905 -0.1222 -0.9884
vn 0.3056 0.2053 -0.9298
vn 0.1819 -0.1961 -0.9636
vn 0.0891 -0.1787 -0.9799
vn 0.0891 -0.1787 -0.9798
vn 0.0892 -0.1787 -0.9798
vn 0.0892 -0.1787 -0.9799
vn 0.4764 0.1481 -0.8667
vn 0.3522 -0.2545 -0.9006
vn 0.2639 -0.2371 -0.9349
vn 0.2639 -0.2371 -0.9350
vn 0.2640 -0.2371 -0.9349
vn 0.6325 0.0927 -0.7690
vn 0.5079 -0.3115 -0.8031
vn 0.4273 -0.2950 -0.8546
vn 0.4273 -0.2950 -0.8547
vn 0.4272 -0.2950 -0.8547
vn 0.7673 0.0410 -0.6400
vn 0.6423 -0.3644 -0.6743
vn 0.5727 -0.3501 -0.7413
vn 0.5726 -0.3501 -0.7413
vn 0.5727 -0.3501 -0.7412
vn 0.8748 -0.0047 -0.4845
vn 0.7497 -0.4110 -0.5188
vn 0.6938 -0.4000 -0.5988
vn 0.6939 -0.4000 -0.5988
vn 0.6939 -0.4001 -0.5988
vn 0.6938 -0.4001 -0.5988
vn 0.9502 -0.0426 -0.3086
vn 0.8250 -0.4492 -0.3428
vn 0.7854 -0.4425 -0.4328
vn 0.7854 -0.4425 -0.4327
vn 0.7855 -0.4425 -0.4327
vn 0.9903 -0.0710 -0.1198
vn 0.8651 -0.4773 -0.1540
vn 0.8434 -0.4757 -0.2498
vn 0.9933 -0.0887 0.0739
vn 0.8685 -0.4941 0.0400
vn 0.8651 -0.4981 -0.0580
vn 0.8651 -0.4982 -0.0580
vn 0.8652 -0.4981 -0.0580
vn 0.8651 -0.4982 -0.0581
vn 0.9597 -0.0950 0.2644
vn 0.8352 -0.4993 0.2305
vn 0.8500 -0.5092 0.1348
vn 0.8500 -0.5092 0.1347
vn 0.8501 -0.5092 0.1347
vn 0.8501 -0.5092 0.1348
vn 0.8914 -0.0898 0.4441
vn 0.7674 -0.4927 0.4104
vn 0.7993 -0.5084 0.3203
vn 0.7993 -0.5084 0.3204
vn 0.7919 -0.0736 0.6061
vn 0.6683 -0.4750 0.5725
vn 0.7156 -0.4962 0.4916
vn 0.7156 -0.4962 0.4917
vn 0.7156 -0.4961 0.4916
vn 0.7156 -0.4961 0.4917
vn 0.7157 -0.4962 0.4916
vn 0.6655 -0.0471 0.7450
vn 0.5422 -0.4472 0.7114
vn 0.6028 -0.4733 0.6423
vn 0.6028 -0.4734 0.6423
vn 0.5171 -0.0111 0.8559
vn 0.3942 -0.4105 0.8223
vn 0.4654 -0.4410 0.7674
vn 0.4654 -0.4409 0.7674
vn 0.4655 -0.4410 0.7674
vn 0.3523 0.0328 0.9353
vn 0.2294 -0.3664 0.9017
vn 0.3089 -0.4004 0.8627
vn 0.3088 -0.4004 0.8627
vn 0.3088 -0.4004 0.8628
vn 0.1768 0.0831 0.9807
vn 0.0539 -0.3163 0.9471
vn 0.1385 -0.3533 0.9252
vn 0.1385 -0.3532 0.9252
vn 0.1386 -0.3533 0.9252
vn -0.0035 0.1382 0.9904
vn -0.1265 -0.2620 0.9568
vn -0.0397 -0.3010 0.9528
vn -0.0398 -0.3010 0.9528
vn -0.1820 0.1962 0.9635
vn -0.3053 -0.2053 0.9298
vn -0.2198 -0.2454 0.9442
vn -0.2197 -0.2454 0.9442
vn -0.2198 -0.2455 0.9442
vn -0.2197 -0.2455 0.9442
vn -0.3524 0.2546 0.9005
vn -0.4763 -0.1481 0.8667
vn -0.3950 -0.1885 0.8992
vn -0.3949 -0.1885 0.8992
vn -0.3949 -0.1886 0.8992
vn -0.3950 -0.1885 0.8991
vn -0.5081 0.3116 0.8030
vn -0.6323 -0.0927 0.7691
vn -0.5588 -0.1322 0.8187
vn -0.5588 -0.1321 0.8187
vn -0.6424 0.3645 0.6741
vn -0.7671 -0.0411 0.6402
vn -0.7046 -0.0784 0.7052
vn -0.7046 -0.0784 0.7053
vn -0.7046 -0.0785 0.7052
vn -0.7047 -0.0784 0.7052
vn -0.7497 0.4110 0.5187
vn -0.8747 0.0046 0.4846
vn -0.8262 -0.0297 0.5626
vn -0.8261 -0.0297 0.5627
vn -0.8262 -0.0297 0.5627
vn -0.8250 0.4492 0.3428
vn -0.9502 0.0426 0.3086
vn -0.9179 0.0123 0.3965
vn -0.9180 0.0123 0.3965
vn -0.9179 0.0122 0.3965
vn -0.8652 0.4773 0.1540
vn -0.9903 0.0710 0.1197
vn -0.9758 0.0454 0.2137
vn -0.9759 0.0454 0.2136
vn -0.9759 0.0454 0.2137
vn -0.8685 0.4941 -0.0398
vn -0.9933 0.0886 -0.0740
vn -0.9974 0.0685 0.0219
vn -0.9974 0.0685 0.0218
vn -0.8352 0.4993 -0.2305
vn -0.9597 0.0950 -0.2646
vn -0.9820 0.0806 -0.1708
vn -0.9820 0.0806 -0.1707
vn -0.7675 0.4926 -0.4102
vn -0.8914 0.0898 -0.4443
vn -0.9308 0.0812 -0.3563
vn -0.9309 0.0812 -0.3562
vn -0.9309 0.0812 -0.3563
vn -0.9309 0.0813 -0.3562
vn -0.6684 0.4750 -0.5724
vn -0.7918 0.0736 -0.6063
vn -0.8467 0.0705 -0.5274
vn -0.8467 0.0706 -0.5274
vn -0.8467 0.0705 -0.5275
vn -0.5422 0.4472 -0.7113
vn -0.6654 0.0471 -0.7450
vn -0.7334 0.0491 -0.6780
vn -0.3941 0.4105 -0.8223
vn -0.5171 0.0111 -0.8559
vn -0.5957 0.0178 -0.8030
vn -0.5958 0.0178 -0.8030
vn -0.4389 -0.0221 -0.8983
vn -0.4389 -0.0221 -0.8982
vn -0.4390 -0.0221 -0.8982
vn 0.6256 -0.4168 0.6595
vn -0.7103 -0.0144 0.7037
vn -0.7033 0.1103 -0.7023
vn 0.6104 -0.2911 -0.7366
vn -0.6256 0.4168 -0.6595
vn 0.7127 0.0134 -0.7013
vn -0.6104 0.2910 0.7367
vn 0.7033 -0.1102 0.7023
vn -0.7103 -0.0144 0.7038
vn 0.6104 -0.2911 -0.7367
vn -0.6256 0.4167 -0.6595
vn -0.6104 0.2911 0.7366
vn 0.7033 -0.1103 0.7023
vn 0.2906 0.9531 0.0847
vn 0.4144 0.9064 0.0817
vn 0.3779 0.8562 -0.3522
vn 0.2657 0.8985 -0.3493
vn 0.2183 0.5359 -0.8156
vn 0.1542 0.5601 -0.8139
vn 0.0027 0.0866 -0.9962
vn 0.0068 0.0852 -0.9963
vn -0.2022 -0.3864 -0.8999
vn -0.1413 -0.4088 -0.9016
vn -0.3696 -0.7830 -0.5003
vn -0.2596 -0.8243 -0.5032
vn -0.4126 -0.9072 -0.0817
vn -0.2906 -0.9531 -0.0847
vn -0.3757 -0.8571 0.3526
vn -0.2657 -0.8983 0.3499
vn -0.2149 -0.5362 0.8163
vn -0.1538 -0.5587 0.8150
vn -0.0088 -0.0804 0.9967
vn -0.0056 -0.0817 0.9966
vn 0.2058 0.3862 0.8992
vn 0.1417 0.4102 0.9009
vn 0.3718 0.7821 0.5000
vn 0.2597 0.8244 0.5029
vn 0.5310 0.8439 0.0771
vn 0.4834 0.7995 -0.3565
vn 0.2785 0.5039 -0.8176
vn -0.0007 0.0883 -0.9961
vn -0.2605 -0.3570 -0.8971
vn -0.4733 -0.7279 -0.4961
vn -0.5276 -0.8460 -0.0771
vn -0.4795 -0.8020 0.3563
vn -0.2733 -0.5065 0.8178
vn -0.0114 -0.0790 0.9968
vn 0.2658 0.3541 0.8966
vn 0.4773 0.7254 0.4959
vn 0.6382 0.7666 0.0711
vn 0.5804 0.7294 -0.3620
vn 0.3337 0.4647 -0.8202
vn -0.0031 0.0900 -0.9959
vn -0.3155 -0.3205 -0.8932
vn -0.5692 -0.6599 -0.4905
vn -0.6337 -0.7703 -0.0714
vn -0.5754 -0.7338 0.3612
vn -0.3286 -0.4697 0.8194
vn -0.0130 -0.0776 0.9969
vn 0.3209 0.3150 0.8932
vn 0.5743 0.6553 0.4906
vn 0.7343 0.6758 0.0640
vn 0.6672 0.6473 -0.3686
vn 0.3835 0.4193 -0.8229
vn -0.0048 0.0917 -0.9958
vn -0.3665 -0.2773 -0.8881
vn -0.6555 -0.5800 -0.4837
vn -0.7291 -0.6814 -0.0644
vn -0.6617 -0.6538 0.3669
vn -0.3797 -0.4260 0.8212
vn -0.0139 -0.0763 0.9970
vn 0.3704 0.2699 0.8888
vn 0.6611 0.5731 0.4843
vn 0.8175 0.5733 0.0557
vn 0.7423 0.5545 -0.3763
vn 0.4276 0.3684 -0.8255
vn -0.0054 0.0936 -0.9956
vn -0.4127 -0.2278 -0.8819
vn -0.7310 -0.4894 -0.4756
vn -0.8121 -0.5808 -0.0563
vn -0.7372 -0.5630 0.3736
vn -0.4259 -0.3761 0.8229
vn -0.0138 -0.0749 0.9971
vn 0.4145 0.2192 0.8833
vn 0.7361 0.4803 0.4770
vn 0.8863 0.4607 0.0465
vn 0.8045 0.4527 -0.3846
vn 0.4660 0.3127 -0.8277
vn -0.0051 0.0955 -0.9954
vn -0.4534 -0.1728 -0.8744
vn -0.7942 -0.3896 -0.4664
vn -0.8814 -0.4700 -0.0472
vn -0.8004 -0.4630 0.3808
vn -0.4666 -0.3203 0.8244
vn -0.0127 -0.0737 0.9972
vn 0.4528 0.1642 0.8764
vn 0.7982 0.3785 0.4687
vn 0.9397 0.3401 0.0364
vn 0.8527 0.3439 -0.3932
vn 0.4991 0.2529 -0.8288
vn -0.0032 0.0975 -0.9952
vn -0.4884 -0.1127 -0.8653
vn -0.8439 -0.2821 -0.4563
vn -0.9356 -0.3510 -0.0372
vn -0.8502 -0.3553 0.3885
vn -0.5014 -0.2593 0.8254
vn -0.0102 -0.0725 0.9973
vn 0.4859 0.1053 0.8676
vn 0.8463 0.2697 0.4594
vn 0.9766 0.2135 0.0259
vn 0.8865 0.2297 -0.4017
vn 0.5280 0.1895 -0.8278
vn 0.0011 0.0991 -0.9951
vn -0.5174 -0.0478 -0.8544
vn -0.8794 -0.1687 -0.4452
vn -0.9739 -0.2253 -0.0264
vn -0.8857 -0.2415 0.3965
vn -0.5300 -0.1935 0.8256
vn -0.0055 -0.0718 0.9974
vn 0.5149 0.0432 0.8561
vn 0.8800 0.1557 0.4487
vn 0.9964 0.0833 0.0149
vn 0.9057 0.1123 -0.4088
vn 0.5544 0.1220 -0.8233
vn 0.0098 0.0995 -0.9950
vn -0.5395 0.0213 -0.8417
vn -0.8998 -0.0510 -0.4333
vn -0.9953 -0.0954 -0.0156
vn -0.9060 -0.1235 0.4048
vn -0.5516 -0.1232 0.8250
vn 0.0030 -0.0725 0.9974
vn 0.5417 -0.0224 0.8403
vn 0.8990 0.0388 0.4362
vn 0.9989 -0.0474 0.0039
vn 0.9111 -0.0063 -0.4121
vn 0.5801 0.0488 -0.8131
vn 0.0254 0.0963 -0.9950
vn -0.5517 0.0938 -0.8288
vn -0.9042 0.0688 -0.4216
vn -0.9993 0.0365 -0.0040
vn -0.9103 -0.0035 0.4140
vn -0.5630 -0.0496 0.8250
vn 0.0176 -0.0765 0.9969
vn 0.5681 -0.0924 0.8178
vn 0.9043 -0.0785 0.4196
vn 0.9847 -0.1739 -0.0068
vn 0.9040 -0.1231 -0.4095
vn 0.6025 -0.0316 -0.7975
vn 0.0486 0.0859 -0.9951
vn -0.5474 0.1662 -0.8202
vn -0.8915 0.1872 -0.4125
vn -0.9860 0.1668 0.0075
vn -0.8974 0.1145 0.4260
vn -0.5582 0.0229 0.8294
vn 0.0393 -0.0873 0.9954
vn 0.5914 -0.1687 0.7885
vn 0.8974 -0.1928 0.3970
vn 0.9567 -0.2904 -0.0177
vn 0.8817 -0.2329 -0.4103
vn 0.6015 -0.1136 -0.7908
vn 0.0621 0.0696 -0.9956
vn -0.5284 0.2338 -0.8162
vn -0.8636 0.2994 -0.4056
vn -0.9568 0.2901 0.0184
vn -0.8696 0.2262 0.4389
vn -0.5394 0.0900 0.8372
vn 0.0506 -0.1034 0.9934
vn 0.5909 -0.2480 0.7677
vn 0.8757 -0.3006 0.3778
vn 0.9149 -0.4026 -0.0285
vn 0.8392 -0.3345 -0.4288
vn 0.5584 -0.1804 -0.8097
vn 0.0447 0.0623 -0.9971
vn -0.5061 0.2999 -0.8086
vn -0.8241 0.4076 -0.3933
vn -0.9121 0.4089 0.0287
vn -0.8302 0.3349 0.4456
vn -0.5177 0.1567 0.8411
vn 0.0310 -0.1103 0.9934
vn 0.5475 -0.3171 0.7744
vn 0.8337 -0.4039 0.3765
vn 0.8562 -0.5152 -0.0392
vn 0.7805 -0.4329 -0.4511
vn 0.4956 -0.2309 -0.8373
vn 0.0208 0.0653 -0.9976
vn -0.4696 0.3629 -0.8049
vn -0.7688 0.5127 -0.3821
vn -0.8505 0.5244 0.0391
vn -0.7749 0.4403 0.4535
vn -0.4816 0.2195 0.8485
vn 0.0052 -0.1062 0.9943
vn 0.4845 -0.3718 0.7918
vn 0.7751 -0.5049 0.3798
vn 0.7812 -0.6224 -0.0490
vn 0.7102 -0.5271 -0.4667
vn 0.4336 -0.2741 -0.8584
vn 0.0064 0.0703 -0.9975
vn -0.4191 0.4177 -0.8061
vn -0.6983 0.6101 -0.3743
vn -0.7735 0.6319 0.0492
vn -0.7044 0.5374 0.4637
vn -0.4311 0.2731 0.8600
vn -0.0103 -0.1002 0.9949
vn 0.4225 -0.4183 0.8041
vn 0.7047 -0.6005 0.3779
vn 0.6921 -0.7195 -0.0580
vn 0.6289 -0.6134 -0.4776
vn 0.3742 -0.3134 -0.8728
vn -0.0007 0.0744 -0.9972
vn -0.3621 0.4643 -0.8083
vn -0.6156 0.6969 -0.3679
vn -0.6833 0.7278 0.0583
vn -0.6217 0.6238 0.4736
vn -0.3738 0.3183 0.8712
vn -0.0179 -0.0949 0.9953
vn 0.3630 -0.4597 0.8105
vn 0.6234 -0.6874 0.3726
vn 0.5907 -0.8042 -0.0659
vn 0.5373 -0.6894 -0.4858
vn 0.3149 -0.3486 -0.8828
vn -0.0040 0.0775 -0.9970
vn -0.3016 0.5030 -0.8100
vn -0.5227 0.7717 -0.3623
vn -0.5813 0.8110 0.0661
vn -0.5288 0.6983 0.4824
vn -0.3134 0.3560 0.8804
vn -0.0211 -0.0909 0.9956
vn 0.3037 -0.4964 0.8133
vn 0.5316 -0.7636 0.3666
vn 0.4791 -0.8747 -0.0727
vn 0.4366 -0.7530 -0.4924
vn 0.2542 -0.3789 -0.8898
vn -0.0052 0.0797 -0.9968
vn -0.2387 0.5344 -0.8108
vn -0.4213 0.8335 -0.3575
vn -0.4698 0.8798 0.0730
vn -0.4273 0.7600 0.4898
vn -0.2504 0.3865 0.8877
vn -0.0219 -0.0880 0.9959
vn 0.2428 -0.5276 0.8140
vn 0.4307 -0.8272 0.3608
vn 0.3590 -0.9300 -0.0784
vn 0.3282 -0.8030 -0.4975
vn 0.1915 -0.4032 -0.8948
vn -0.0052 0.0813 -0.9967
vn -0.1738 0.5580 -0.8114
vn -0.3130 0.8815 -0.3534
vn -0.3503 0.9334 0.0785
vn -0.3190 0.8078 0.4956
vn -0.1856 0.4095 0.8932
vn -0.0212 -0.0860 0.9961
vn 0.1799 -0.5525 0.8139
vn 0.3223 -0.8773 0.3557
vn 0.2327 -0.9690 -0.0826
vn 0.2141 -0.8384 -0.5012
vn 0.1267 -0.4208 -0.8983
vn -0.0045 0.0823 -0.9966
vn -0.1077 0.5739 -0.8118
vn -0.1997 0.9150 -0.3505
vn -0.2252 0.9708 0.0826
vn -0.2058 0.8412 0.5000
vn -0.1195 0.4249 0.8973
vn -0.0198 -0.0847 0.9962
vn 0.1149 -0.5704 0.8133
vn 0.2081 -0.9126 0.3518
vn 0.1023 -0.9911 -0.0854
vn 0.0962 -0.8586 -0.5036
vn 0.0601 -0.4307 -0.9005
vn -0.0029 0.0829 -0.9966
vn -0.0409 0.5818 -0.8123
vn -0.0833 0.9336 -0.3486
vn -0.0964 0.9917 0.0853
vn -0.0893 0.8596 0.5031
vn -0.0529 0.4324 0.9001
vn -0.0176 -0.0841 0.9963
vn 0.0482 -0.5805 0.8128
vn 0.0901 -0.9327 0.3491
vn -0.0300 -0.9958 -0.0867
vn -0.0236 -0.8630 -0.5047
vn -0.0073 -0.4325 -0.9016
vn -0.0008 0.0830 -0.9965
vn 0.0254 0.5817 -0.8130
vn 0.0344 0.9369 -0.3479
vn 0.0340 0.9957 0.0866
vn 0.0284 0.8629 0.5045
vn 0.0133 0.4320 0.9018
vn -0.0147 -0.0838 0.9964
vn -0.0195 -0.5824 0.8127
vn -0.0295 -0.9371 0.3478
vn -0.1616 -0.9830 -0.0865
vn -0.1428 -0.8516 -0.5044
vn -0.0751 -0.4258 -0.9017
vn 0.0021 0.0825 -0.9966
vn 0.0906 0.5739 -0.8139
vn 0.1513 0.9251 -0.3482
vn 0.1638 0.9827 0.0864
vn 0.1453 0.8510 0.5046
vn 0.0783 0.4241 0.9022
vn -0.0110 -0.0842 0.9964
vn -0.0874 -0.5757 0.8130
vn -0.1489 -0.9256 0.3479
vn -0.2906 -0.9531 -0.0846
vn -0.2596 -0.8245 -0.5029
vn -0.1417 -0.4103 -0.9009
vn 0.0055 0.0817 -0.9966
vn 0.1538 0.5587 -0.8150
vn 0.2657 0.8983 -0.3499
vn 0.2906 0.9531 0.0846
vn 0.2596 0.8242 0.5032
vn 0.1413 0.4088 0.9016
vn -0.0068 -0.0852 0.9963
vn -0.1542 -0.5601 0.8139
vn -0.2657 -0.8985 0.3494
vn -0.4145 -0.9064 -0.0817
vn -0.3718 -0.7821 -0.5000
vn -0.2058 -0.3862 -0.8992
vn 0.0088 0.0804 -0.9967
vn 0.2149 0.5362 -0.8163
vn 0.3757 0.8571 -0.3526
vn 0.4127 0.9072 0.0816
vn 0.3696 0.7830 0.5003
vn 0.2022 0.3864 0.8999
vn -0.0027 -0.0866 0.9962
vn -0.2183 -0.5360 0.8155
vn -0.3779 -0.8562 0.3522
vn -0.5310 -0.8439 -0.0771
vn -0.4773 -0.7254 -0.4960
vn -0.2658 -0.3541 -0.8966
vn 0.0114 0.0790 -0.9968
vn 0.2733 0.5065 -0.8178
vn 0.4795 0.8020 -0.3563
vn 0.5275 0.8460 0.0772
vn 0.4733 0.7279 0.4961
vn 0.2605 0.3570 0.8971
vn 0.0007 -0.0883 0.9961
vn -0.2785 -0.5039 0.8176
vn -0.4834 -0.7995 0.3565
vn -0.6382 -0.7666 -0.0711
vn -0.5743 -0.6553 -0.4907
vn -0.3209 -0.3150 -0.8932
vn 0.0130 0.0776 -0.9969
vn 0.3286 0.4696 -0.8194
vn 0.5754 0.7338 -0.3612
vn 0.6337 0.7702 0.0714
vn 0.5691 0.6599 0.4905
vn 0.3155 0.3205 0.8932
vn 0.0031 -0.0900 0.9959
vn -0.3337 -0.4647 0.8202
vn -0.5804 -0.7294 0.3620
vn -0.7343 -0.6758 -0.0640
vn -0.6611 -0.5731 -0.4844
vn -0.3705 -0.2699 -0.8888
vn 0.0138 0.0763 -0.9970
vn 0.3796 0.4260 -0.8212
vn 0.6617 0.6538 -0.3669
vn 0.7291 0.6814 0.0644
vn 0.6555 0.5800 0.4837
vn 0.3665 0.2773 0.8882
vn 0.0048 -0.0917 0.9958
vn -0.3835 -0.4193 0.8229
vn -0.6672 -0.6473 0.3686
vn -0.8175 -0.5733 -0.0557
vn -0.7361 -0.4803 -0.4769
vn -0.4145 -0.2192 -0.8833
vn 0.0137 0.0749 -0.9971
vn 0.4259 0.3761 -0.8229
vn 0.7372 0.5630 -0.3736
vn 0.8121 0.5808 0.0563
vn 0.7310 0.4894 0.4756
vn 0.4126 0.2278 0.8819
vn 0.0054 -0.0936 0.9956
vn -0.4276 -0.3684 0.8255
vn -0.7423 -0.5545 0.3763
vn -0.8863 -0.4608 -0.0465
vn -0.7982 -0.3785 -0.4687
vn -0.4528 -0.1642 -0.8764
vn 0.0127 0.0737 -0.9972
vn 0.4666 0.3203 -0.8244
vn 0.8004 0.4630 -0.3808
vn 0.8814 0.4701 0.0472
vn 0.7942 0.3896 0.4664
vn 0.4534 0.1728 0.8744
vn 0.0051 -0.0955 0.9954
vn -0.4660 -0.3127 0.8277
vn -0.8045 -0.4527 0.3845
vn -0.9397 -0.3401 -0.0364
vn -0.8463 -0.2697 -0.4594
vn -0.4859 -0.1053 -0.8676
vn 0.0102 0.0725 -0.9973
vn 0.5014 0.2593 -0.8254
vn 0.8502 0.3553 -0.3885
vn 0.9356 0.3510 0.0372
vn 0.8439 0.2821 0.4563
vn 0.4884 0.1127 0.8653
vn 0.0032 -0.0975 0.9952
vn -0.4992 -0.2530 0.8288
vn -0.8527 -0.3439 0.3932
vn -0.9766 -0.2135 -0.0259
vn -0.8800 -0.1557 -0.4487
vn -0.5149 -0.0432 -0.8561
vn 0.0055 0.0718 -0.9974
vn 0.5300 0.1935 -0.8256
vn 0.8857 0.2415 -0.3965
vn 0.9739 0.2255 0.0266
vn 0.8794 0.1687 0.4452
vn 0.5174 0.0478 0.8544
vn -0.0011 -0.0991 0.9951
vn -0.5280 -0.1894 0.8278
vn -0.8865 -0.2297 0.4017
vn -0.9964 -0.0833 -0.0149
vn -0.8990 -0.0388 -0.4362
vn -0.5417 0.0224 -0.8403
vn -0.0029 0.0725 -0.9974
vn 0.5516 0.1232 -0.8250
vn 0.9060 0.1235 -0.4049
vn 0.9953 0.0955 0.0156
vn 0.8998 0.0510 0.4333
vn 0.5395 -0.0213 0.8417
vn -0.0098 -0.0994 0.9950
vn -0.5543 -0.1220 0.8233
vn -0.9057 -0.1123 0.4088
vn -0.9989 0.0474 -0.0039
vn -0.9043 0.0785 -0.4195
vn -0.5681 0.0924 -0.8178
vn -0.0176 0.0765 -0.9969
vn 0.5630 0.0496 -0.8250
vn 0.9103 0.0035 -0.4140
vn 0.9993 -0.0366 0.0040
vn 0.9041 -0.0688 0.4217
vn 0.5517 -0.0938 0.8288
vn -0.0254 -0.0964 0.9950
vn -0.5801 -0.0488 0.8131
vn -0.9111 0.0063 0.4121
vn -0.9847 0.1739 0.0068
vn -0.8974 0.1928 -0.3970
vn -0.5914 0.1687 -0.7885
vn -0.0392 0.0873 -0.9954
vn 0.5582 -0.0230 -0.8294
vn 0.8974 -0.1145 -0.4260
vn 0.9860 -0.1668 -0.0075
vn 0.8915 -0.1872 0.4126
vn 0.5473 -0.1662 0.8202
vn -0.0485 -0.0859 0.9951
vn -0.6025 0.0316 0.7975
vn -0.9040 0.1231 0.4095
vn -0.9568 0.2904 0.0178
vn -0.8757 0.3006 -0.3778
vn -0.5909 0.2480 -0.7677
vn -0.0506 0.1034 -0.9933
vn 0.5394 -0.0901 -0.8372
vn 0.8696 -0.2262 -0.4389
vn 0.9568 -0.2901 -0.0184
vn 0.8636 -0.2994 0.4056
vn 0.5284 -0.2338 0.8162
vn -0.0621 -0.0696 0.9956
vn -0.6015 0.1136 0.7908
vn -0.8817 0.2329 0.4103
vn -0.9149 0.4026 0.0285
vn -0.8338 0.4039 -0.3765
vn -0.5475 0.3171 -0.7744
vn -0.0310 0.1103 -0.9934
vn 0.5177 -0.1567 -0.8411
vn 0.8302 -0.3349 -0.4456
vn 0.9121 -0.4089 -0.0287
vn 0.8241 -0.4076 0.3933
vn 0.5061 -0.2999 0.8086
vn -0.0447 -0.0623 0.9971
vn -0.5583 0.1804 0.8098
vn -0.8392 0.3345 0.4288
vn -0.8562 0.5152 0.0392
vn -0.7751 0.5049 -0.3798
vn -0.4845 0.3718 -0.7918
vn -0.0052 0.1063 -0.9943
vn 0.4815 -0.2195 -0.8485
vn 0.7749 -0.4403 -0.4535
vn 0.8506 -0.5244 -0.0391
vn 0.7688 -0.5127 0.3821
vn 0.4696 -0.3629 0.8048
vn -0.0208 -0.0653 0.9976
vn -0.4956 0.2309 0.8373
vn -0.7805 0.4328 0.4511
vn -0.7812 0.6224 0.0490
vn -0.7047 0.6005 -0.3779
vn -0.4225 0.4182 -0.8041
vn 0.0102 0.1002 -0.9949
vn 0.4311 -0.2732 -0.8600
vn 0.7044 -0.5374 -0.4637
vn 0.7735 -0.6319 -0.0492
vn 0.6983 -0.6101 0.3743
vn 0.4191 -0.4177 0.8061
vn -0.0064 -0.0703 0.9975
vn -0.4336 0.2741 0.8584
vn -0.7102 0.5271 0.4667
vn -0.6921 0.7195 0.0580
vn -0.6234 0.6874 -0.3727
vn -0.3630 0.4597 -0.8105
vn 0.0179 0.0949 -0.9953
vn 0.3738 -0.3183 -0.8712
vn 0.6217 -0.6238 -0.4736
vn 0.6833 -0.7278 -0.0582
vn 0.6156 -0.6969 0.3679
vn 0.3621 -0.4642 0.8083
vn 0.0007 -0.0744 0.9972
vn -0.3741 0.3134 0.8728
vn -0.6289 0.6134 0.4777
vn -0.5907 0.8042 0.0660
vn -0.5316 0.7635 -0.3666
vn -0.3037 0.4964 -0.8132
vn 0.0211 0.0909 -0.9956
vn 0.3134 -0.3560 -0.8804
vn 0.5288 -0.6983 -0.4824
vn 0.5813 -0.8110 -0.0662
vn 0.5227 -0.7717 0.3623
vn 0.3016 -0.5030 0.8100
vn 0.0040 -0.0775 0.9970
vn -0.3149 0.3486 0.8828
vn -0.5373 0.6894 0.4859
vn -0.4791 0.8748 0.0727
vn -0.4307 0.8272 -0.3608
vn -0.2428 0.5276 -0.8140
vn 0.0219 0.0880 -0.9959
vn 0.2504 -0.3865 -0.8877
vn 0.4273 -0.7600 -0.4898
vn 0.4698 -0.8798 -0.0729
vn 0.4213 -0.8335 0.3575
vn 0.2387 -0.5344 0.8108
vn 0.0052 -0.0797 0.9968
vn -0.2542 0.3789 0.8898
vn -0.4366 0.7530 0.4924
vn -0.3590 0.9300 0.0784
vn -0.3223 0.8773 -0.3557
vn -0.1799 0.5525 -0.8138
vn 0.0212 0.0860 -0.9961
vn 0.1856 -0.4095 -0.8932
vn 0.3190 -0.8078 -0.4956
vn 0.3503 -0.9333 -0.0785
vn 0.3130 -0.8816 0.3534
vn 0.1738 -0.5580 0.8114
vn 0.0052 -0.0813 0.9967
vn -0.1915 0.4033 0.8948
vn -0.3282 0.8030 0.4975
vn -0.2327 0.9690 0.0826
vn -0.2081 0.9126 -0.3518
vn -0.1149 0.5703 -0.8133
vn 0.0198 0.0848 -0.9962
vn 0.1195 -0.4249 -0.8973
vn 0.2058 -0.8412 -0.5000
vn 0.2251 -0.9708 -0.0826
vn 0.1997 -0.9150 0.3505
vn 0.1077 -0.5739 0.8118
vn 0.0044 -0.0823 0.9966
vn -0.1267 0.4208 0.8983
vn -0.2141 0.8384 0.5012
vn -0.1022 0.9911 0.0854
vn -0.0901 0.9327 -0.3491
vn -0.0482 0.5805 -0.8129
vn 0.0176 0.0841 -0.9963
vn 0.0529 -0.4324 -0.9001
vn 0.0893 -0.8596 -0.5030
vn 0.0964 -0.9917 -0.0853
vn 0.0833 -0.9336 0.3486
vn 0.0409 -0.5818 0.8123
vn 0.0029 -0.0829 0.9966
vn -0.0602 0.4307 0.9005
vn -0.0962 0.8586 0.5036
vn 0.0300 0.9958 0.0868
vn 0.0295 0.9371 -0.3478
vn 0.0195 0.5824 -0.8127
vn 0.0147 0.0838 -0.9964
vn -0.0133 -0.4320 -0.9018
vn -0.0284 -0.8629 -0.5046
vn -0.0340 -0.9957 -0.0866
vn -0.0344 -0.9369 0.3479
vn -0.0254 -0.5817 0.8130
vn 0.0008 -0.0830 0.9965
vn 0.0073 0.4326 0.9016
vn 0.0236 0.8630 0.5047
vn 0.1617 0.9830 0.0865
vn 0.1489 0.9256 -0.3479
vn 0.0874 0.5757 -0.8130
vn 0.0110 0.0842 -0.9964
vn -0.0782 -0.4241 -0.9022
vn -0.1453 -0.8510 -0.5046
vn -0.1636 -0.9827 -0.0864
vn -0.1513 -0.9251 0.3483
vn -0.0906 -0.5739 0.8139
vn -0.0021 -0.0826 0.9966
vn 0.0751 0.4258 0.9017
vn 0.1428 0.8515 0.5045
vt 1.000000 0.500000
vt 1.000000 1.000000
vt 0.968750 1.000000
vt 0.968750 0.500000
vt 0.969727 0.500000
vt 0.970703 0.500000
vt 0.971680 0.500000
vt 0.972656 0.500000
vt 0.973633 0.500000
vt 0.974609 0.500000
vt 0.975586 0.500000
vt 0.976562 0.500000
vt 0.977539 0.500000
vt 0.978516 0.500000
vt 0.979492 0.500000
vt 0.980469 0.500000
vt 0.981445 0.500000
vt 0.982422 0.500000
vt 0.983398 0.500000
vt 0.984375 0.500000
vt 0.985352 0.500000
vt 0.986328 0.500000
vt 0.987305 0.500000
vt 0.988281 0.500000
vt 0.989258 0.500000
vt 0.990234 0.500000
vt 0.991211 0.500000
vt 0.992188 0.500000
vt 0.993164 0.500000
vt 0.994141 0.500000
vt 0.995117 0.500000
vt 0.996094 0.500000
vt 0.997070 0.500000
vt 0.998047 0.500000
vt 0.999023 0.500000
vt 0.937500 1.000000
vt 0.937500 0.500000
vt 0.938477 0.500000
vt 0.939453 0.500000
vt 0.940430 0.500000
vt 0.941406 0.500000
vt 0.942383 0.500000
vt 0.943359 0.500000
vt 0.944336 0.500000
vt 0.945312 0.500000
vt 0.946289 0.500000
vt 0.947266 0.500000
vt 0.948242 0.500000
vt 0.949219 0.500000
vt 0.950195 0.500000
vt 0.951172 0.500000
vt 0.952148 0.500000
vt 0.953125 0.500000
vt 0.954102 0.500000
vt 0.955078 0.500000
vt 0.956055 0.500000
vt 0.957031 0.500000
vt 0.958008 0.500000
vt 0.958984 0.500000
vt 0.959961 0.500000
vt 0.960938 0.500000
vt 0.961914 0.500000
vt 0.962891 0.500000
vt 0.963867 0.500000
vt 0.964844 0.500000
vt 0.965820 0.500000
vt 0.966797 0.500000
vt 0.967773 0.500000
vt 0.906250 1.000000
vt 0.906250 0.500000
vt 0.907227 0.500000
vt 0.908203 0.500000
vt 0.909180 0.500000
vt 0.910156 0.500000
vt 0.911133 0.500000
vt 0.912109 0.500000
vt 0.913086 0.500000
vt 0.914062 0.500000
vt 0.915039 0.500000
vt 0.916016 0.500000
vt 0.916992 0.500000
vt 0.917969 0.500000
vt 0.918945 0.500000
vt 0.919922 0.500000
vt 0.920898 0.500000
vt 0.921875 0.500000
vt 0.922852 0.500000
vt 0.923828 0.500000
vt 0.924805 0.500000
vt 0.925781 0.500000
vt 0.926758 0.500000
vt 0.927734 0.500000
vt 0.928711 0.500000
vt 0.929688 0.500000
vt 0.930664 0.500000
vt 0.931641 0.500000
vt 0.932617 0.500000
vt 0.933594 0.500000
vt 0.934570 0.500000
vt 0.935547 0.500000
vt 0.936523 0.500000
vt 0.875000 1.000000
vt 0.875000 0.500000
vt 0.875977 0.500000
vt 0.876953 0.500000
vt 0.877930 0.500000
vt 0.878906 0.500000
vt 0.879883 0.500000
vt 0.880859 0.500000
vt 0.881836 0.500000
vt 0.882812 0.500000
vt 0.883789 0.500000
vt 0.884766 0.500000
vt 0.885742 0.500000
vt 0.886719 0.500000
vt 0.887695 0.500000
vt 0.888672 0.500000
vt 0.889648 0.500000
vt 0.890625 0.500000
vt 0.891602 0.500000
vt 0.892578 0.500000
vt 0.893555 0.500000
vt 0.894531 0.500000
vt 0.895508 0.500000
vt 0.896484 0.500000
vt 0.897461 0.500000
vt 0.898438 0.500000
vt 0.899414 0.500000
vt 0.900391 0.500000
vt 0.901367 0.500000
vt 0.902344 0.500000
vt 0.903320 0.500000
vt 0.904297 0.500000
vt 0.905273 0.500000
vt 0.843750 1.000000
vt 0.843750 0.500000
vt 0.844727 0.500000
vt 0.845703 0.500000
vt 0.846680 0.500000
vt 0.847656 0.500000
vt 0.848633 0.500000
vt 0.849609 0.500000
vt 0.850586 0.500000
vt 0.851562 0.500000
vt 0.852539 0.500000
vt 0.853516 0.500000
vt 0.854492 0.500000
vt 0.855469 0.500000
vt 0.856445 0.500000
vt 0.857422 0.500000
vt 0.858398 0.500000
vt 0.859375 0.500000
vt 0.860352 0.500000
vt 0.861328 0.500000
vt 0.862305 0.500000
vt 0.863281 0.500000
vt 0.864258 0.500000
vt 0.865234 0.500000
vt 0.866211 0.500000
vt 0.867188 0.500000
vt 0.868164 0.500000
vt 0.869141 0.500000
vt 0.870117 0.500000
vt 0.871094 0.500000
vt 0.872070 0.500000
vt 0.873047 0.500000
vt 0.874023 0.500000
vt 0.812500 1.000000
vt 0.812500 0.500000
vt 0.813477 0.500000
vt 0.814453 0.500000
vt 0.815430 0.500000
vt 0.816406 0.500000
vt 0.817383 0.500000
vt 0.818359 0.500000
vt 0.819336 0.500000
vt 0.820312 0.500000
vt 0.821289 0.500000
vt 0.822266 0.500000
vt 0.823242 0.500000
vt 0.824219 0.500000
vt 0.825195 0.500000
vt 0.826172 0.500000
vt 0.827148 0.500000
vt 0.828125 0.500000
vt 0.829102 0.500000
vt 0.830078 0.500000
vt 0.831055 0.500000
vt 0.832031 0.500000
vt 0.833008 0.500000
vt 0.833984 0.500000
vt 0.834961 0.500000
vt 0.835938 0.500000
vt 0.836914 0.500000
vt 0.837891 0.500000
vt 0.838867 0.500000
vt 0.839844 0.500000
vt 0.840820 0.500000
vt 0.841797 0.500000
vt 0.842773 0.500000
vt 0.781250 1.000000
vt 0.781250 0.500000
vt 0.782227 0.500000
vt 0.783203 0.500000
vt 0.784180 0.500000
vt 0.785156 0.500000
vt 0.786133 0.500000
vt 0.787109 0.500000
vt 0.788086 0.500000
vt 0.789062 0.500000
vt 0.790039 0.500000
vt 0.791016 0.500000
vt 0.791992 0.500000
vt 0.792969 0.500000
vt 0.793945 0.500000
vt 0.794922 0.500000
vt 0.795898 0.500000
vt 0.796875 0.500000
vt 0.797852 0.500000
vt 0.798828 0.500000
vt 0.799805 0.500000
vt 0.800781 0.500000
vt 0.801758 0.500000
vt 0.802734 0.500000
vt 0.803711 0.500000
vt 0.804688 0.500000
vt 0.805664 0.500000
vt 0.806641 0.500000
vt 0.807617 0.500000
vt 0.808594 0.500000
vt 0.809570 0.500000
vt 0.810547 0.500000
vt 0.811523 0.500000
vt 0.750000 1.000000
vt 0.750000 0.500000
vt 0.750977 0.500000
vt 0.751953 0.500000
vt 0.752930 0.500000
vt 0.753906 0.500000
vt 0.754883 0.500000
vt 0.755859 0.500000
vt 0.756836 0.500000
vt 0.757812 0.500000
vt 0.758789 0.500000
vt 0.759766 0.500000
vt 0.760742 0.500000
vt 0.761719 0.500000
vt 0.762695 0.500000
vt 0.763672 0.500000
vt 0.764648 0.500000
vt 0.765625 0.500000
vt 0.766602 0.500000
vt 0.767578 0.500000
vt 0.768555 0.500000
vt 0.769531 0.500000
vt 0.770508 0.500000
vt 0.771484 0.500000
vt 0.772461 0.500000
vt 0.773438 0.500000
vt 0.774414 0.500000
vt 0.775391 0.500000
vt 0.776367 0.500000
vt 0.777344 0.500000
vt 0.778320 0.500000
vt 0.779297 0.500000
vt 0.780273 0.500000
vt 0.718750 1.000000
vt 0.718750 0.500000
vt 0.719727 0.500000
vt 0.720703 0.500000
vt 0.721680 0.500000
vt 0.722656 0.500000
vt 0.723633 0.500000
vt 0.724609 0.500000
vt 0.725586 0.500000
vt 0.726562 0.500000
vt 0.727539 0.500000
vt 0.728516 0.500000
vt 0.729492 0.500000
vt 0.730469 0.500000
vt 0.731445 0.500000
vt 0.732422 0.500000
vt 0.733398 0.500000
vt 0.734375 0.500000
vt 0.735352 0.500000
vt 0.736328 0.500000
vt 0.737305 0.500000
vt 0.738281 0.500000
vt 0.739258 0.500000
vt 0.740234 0.500000
vt 0.741211 0.500000
vt 0.742188 0.500000
vt 0.743164 0.500000
vt 0.744141 0.500000
vt 0.745117 0.500000
vt 0.746094 0.500000
vt 0.747070 0.500000
vt 0.748047 0.500000
vt 0.749023 0.500000
vt 0.687500 1.000000
vt 0.687500 0.500000
vt 0.688477 0.500000
vt 0.689453 0.500000
vt 0.690430 0.500000
vt 0.691406 0.500000
vt 0.692383 0.500000
vt 0.693359 0.500000
vt 0.694336 0.500000
vt 0.695312 0.500000
vt 0.696289 0.500000
vt 0.697266 0.500000
vt 0.698242 0.500000
vt 0.699219 0.500000
vt 0.700195 0.500000
vt 0.701172 0.500000
vt 0.702148 0.500000
vt 0.703125 0.500000
vt 0.704102 0.500000
vt 0.705078 0.500000
vt 0.706055 0.500000
vt 0.707031 0.500000
vt 0.708008 0.500000
vt 0.708984 0.500000
vt 0.709961 0.500000
vt 0.710938 0.500000
vt 0.711914 0.500000
vt 0.712891 0.500000
vt 0.713867 0.500000
vt 0.714844 0.500000
vt 0.715820 0.500000
vt 0.716797 0.500000
vt 0.717773 0.500000
vt 0.656250 1.000000
vt 0.656250 0.500000
vt 0.657227 0.500000
vt 0.658203 0.500000
vt 0.659180 0.500000
vt 0.660156 0.500000
vt 0.661133 0.500000
vt 0.662109 0.500000
vt 0.663086 0.500000
vt 0.664062 0.500000
vt 0.665039 0.500000
vt 0.666016 0.500000
vt 0.666992 0.500000
vt 0.667969 0.500000
vt 0.668945 0.500000
vt 0.669922 0.500000
vt 0.670898 0.500000
vt 0.671875 0.500000
vt 0.672852 0.500000
vt 0.673828 0.500000
vt 0.674805 0.500000
vt 0.675781 0.500000
vt 0.676758 0.500000
vt 0.677734 0.500000
vt 0.678711 0.500000
vt 0.679688 0.500000
vt 0.680664 0.500000
vt 0.681641 0.500000
vt 0.682617 0.500000
vt 0.683594 0.500000
vt 0.684570 0.500000
vt 0.685547 0.500000
vt 0.686523 0.500000
vt 0.625000 1.000000
vt 0.625000 0.500000
vt 0.625977 0.500000
vt 0.626953 0.500000
vt 0.627930 0.500000
vt 0.628906 0.500000
vt 0.629883 0.500000
vt 0.630859 0.500000
vt 0.631836 0.500000
vt 0.632812 0.500000
vt 0.633789 0.500000
vt 0.634766 0.500000
vt 0.635742 0.500000
vt 0.636719 0.500000
vt 0.637695 0.500000
vt 0.638672 0.500000
vt 0.639648 0.500000
vt 0.640625 0.500000
vt 0.641602 0.500000
vt 0.642578 0.500000
vt 0.643555 0.500000
vt 0.644531 0.500000
vt 0.645508 0.500000
vt 0.646484 0.500000
vt 0.647461 0.500000
vt 0.648438 0.500000
vt 0.649414 0.500000
vt 0.650391 0.500000
vt 0.651367 0.500000
vt 0.652344 0.500000
vt 0.653320 0.500000
vt 0.654297 0.500000
vt 0.655273 0.500000
vt 0.593750 1.000000
vt 0.593750 0.500000
vt 0.594727 0.500000
vt 0.595703 0.500000
vt 0.596680 0.500000
vt 0.597656 0.500000
vt 0.598633 0.500000
vt 0.599609 0.500000
vt 0.600586 0.500000
vt 0.601562 0.500000
vt 0.602539 0.500000
vt 0.603516 0.500000
vt 0.604492 0.500000
vt 0.605469 0.500000
vt 0.606445 0.500000
vt 0.607422 0.500000
vt 0.608398 0.500000
vt 0.609375 0.500000
vt 0.610352 0.500000
vt 0.611328 0.500000
vt 0.612305 0.500000
vt 0.613281 0.500000
vt 0.614258 0.500000
vt 0.615234 0.500000
vt 0.616211 0.500000
vt 0.617188 0.500000
vt 0.618164 0.500000
vt 0.619141 0.500000
vt 0.620117 0.500000
vt 0.621094 0.500000
vt 0.622070 0.500000
vt 0.623047 0.500000
vt 0.624023 0.500000
vt 0.562500 1.000000
vt 0.562500 0.500000
vt 0.563477 0.500000
vt 0.564453 0.500000
vt 0.565430 0.500000
vt 0.566406 0.500000
vt 0.567383 0.500000
vt 0.568359 0.500000
vt 0.569336 0.500000
vt 0.570312 0.500000
vt 0.571289 0.500000
vt 0.572266 0.500000
vt 0.573242 0.500000
vt 0.574219 0.500000
vt 0.575195 0.500000
vt 0.576172 0.500000
vt 0.577148 0.500000
vt 0.578125 0.500000
vt 0.579102 0.500000
vt 0.580078 0.500000
vt 0.581055 0.500000
vt 0.582031 0.500000
vt 0.583008 0.500000
vt 0.583984 0.500000
vt 0.584961 0.500000
vt 0.585938 0.500000
vt 0.586914 0.500000
vt 0.587891 0.500000
vt 0.588867 0.500000
vt 0.589844 0.500000
vt 0.590820 0.500000
vt 0.591797 0.500000
vt 0.592773 0.500000
vt 0.531250 1.000000
vt 0.531250 0.500000
vt 0.532227 0.500000
vt 0.533203 0.500000
vt 0.534180 0.500000
vt 0.535156 0.500000
vt 0.536133 0.500000
vt 0.537109 0.500000
vt 0.538086 0.500000
vt 0.539062 0.500000
vt 0.540039 0.500000
vt 0.541016 0.500000
vt 0.541992 0.500000
vt 0.542969 0.500000
vt 0.543945 0.500000
vt 0.544922 0.500000
vt 0.545898 0.500000
vt 0.546875 0.500000
vt 0.547852 0.500000
vt 0.548828 0.500000
vt 0.549805 0.500000
vt 0.550781 0.500000
vt 0.551758 0.500000
vt 0.552734 0.500000
vt 0.553711 0.500000
vt 0.554688 0.500000
vt 0.555664 0.500000
vt 0.556641 0.500000
vt 0.557617 0.500000
vt 0.558594 0.500000
vt 0.559570 0.500000
vt 0.560547 0.500000
vt 0.561523 0.500000
vt 0.500000 1.000000
vt 0.500000 0.500000
vt 0.500977 0.500000
vt 0.501953 0.500000
vt 0.502930 0.500000
vt 0.503906 0.500000
vt 0.504883 0.500000
vt 0.505859 0.500000
vt 0.506836 0.500000
vt 0.507812 0.500000
vt 0.508789 0.500000
vt 0.509766 0.500000
vt 0.510742 0.500000
vt 0.511719 0.500000
vt 0.512695 0.500000
vt 0.513672 0.500000
vt 0.514648 0.500000
vt 0.515625 0.500000
vt 0.516602 0.500000
vt 0.517578 0.500000
vt 0.518555 0.500000
vt 0.519531 0.500000
vt 0.520508 0.500000
vt 0.521484 0.500000
vt 0.522461 0.500000
vt 0.523438 0.500000
vt 0.524414 0.500000
vt 0.525391 0.500000
vt 0.526367 0.500000
vt 0.527344 0.500000
vt 0.528320 0.500000
vt 0.529297 0.500000
vt 0.530273 0.500000
vt 0.468750 1.000000
vt 0.468750 0.500000
vt 0.469727 0.500000
vt 0.470703 0.500000
vt 0.471680 0.500000
vt 0.472656 0.500000
vt 0.473633 0.500000
vt 0.474609 0.500000
vt 0.475586 0.500000
vt 0.476562 0.500000
vt 0.477539 0.500000
vt 0.478516 0.500000
vt 0.479492 0.500000
vt 0.480469 0.500000
vt 0.481445 0.500000
vt 0.482422 0.500000
vt 0.483398 0.500000
vt 0.484375 0.500000
vt 0.485352 0.500000
vt 0.486328 0.500000
vt 0.487305 0.500000
vt 0.488281 0.500000
vt 0.489258 0.500000
vt 0.490234 0.500000
vt 0.491211 0.500000
vt 0.492188 0.500000
vt 0.493164 0.500000
vt 0.494141 0.500000
vt 0.495117 0.500000
vt 0.496094 0.500000
vt 0.497070 0.500000
vt 0.498047 0.500000
vt 0.499023 0.500000
vt 0.437500 1.000000
vt 0.437500 0.500000
vt 0.438477 0.500000
vt 0.439453 0.500000
vt 0.440430 0.500000
vt 0.441406 0.500000
vt 0.442383 0.500000
vt 0.443359 0.500000
vt 0.444336 0.500000
vt 0.445312 0.500000
vt 0.446289 0.500000
vt 0.447266 0.500000
vt 0.448242 0.500000
vt 0.449219 0.500000
vt 0.450195 0.500000
vt 0.451172 0.500000
vt 0.452148 0.500000
vt 0.453125 0.500000
vt 0.454102 0.500000
vt 0.455078 0.500000
vt 0.456055 0.500000
vt 0.457031 0.500000
vt 0.458008 0.500000
vt 0.458984 0.500000
vt 0.459961 0.500000
vt 0.460938 0.500000
vt 0.461914 0.500000
vt 0.462891 0.500000
vt 0.463867 0.500000
vt 0.464844 0.500000
vt 0.465820 0.500000
vt 0.466797 0.500000
vt 0.467773 0.500000
vt 0.406250 1.000000
vt 0.406250 0.500000
vt 0.407227 0.500000
vt 0.408203 0.500000
vt 0.409180 0.500000
vt 0.410156 0.500000
vt 0.411133 0.500000
vt 0.412109 0.500000
vt 0.413086 0.500000
vt 0.414062 0.500000
vt 0.415039 0.500000
vt 0.416016 0.500000
vt 0.416992 0.500000
vt 0.417969 0.500000
vt 0.418945 0.500000
vt 0.419922 0.500000
vt 0.420898 0.500000
vt 0.421875 0.500000
vt 0.422852 0.500000
vt 0.423828 0.500000
vt 0.424805 0.500000
vt 0.425781 0.500000
vt 0.426758 0.500000
vt 0.427734 0.500000
vt 0.428711 0.500000
vt 0.429688 0.500000
vt 0.430664 0.500000
vt 0.431641 0.500000
vt 0.432617 0.500000
vt 0.433594 0.500000
vt 0.434570 0.500000
vt 0.435547 0.500000
vt 0.436523 0.500000
vt 0.375000 1.000000
vt 0.375000 0.500000
vt 0.375977 0.500000
vt 0.376953 0.500000
vt 0.377930 0.500000
vt 0.378906 0.500000
vt 0.379883 0.500000
vt 0.380859 0.500000
vt 0.381836 0.500000
vt 0.382812 0.500000
vt 0.383789 0.500000
vt 0.384766 0.500000
vt 0.385742 0.500000
vt 0.386719 0.500000
vt 0.387695 0.500000
vt 0.388672 0.500000
vt 0.389648 0.500000
vt 0.390625 0.500000
vt 0.391602 0.500000
vt 0.392578 0.500000
vt 0.393555 0.500000
vt 0.394531 0.500000
vt 0.395508 0.500000
vt 0.396484 0.500000
vt 0.397461 0.500000
vt 0.398438 0.500000
vt 0.399414 0.500000
vt 0.400391 0.500000
vt 0.401367 0.500000
vt 0.402344 0.500000
vt 0.403320 0.500000
vt 0.404297 0.500000
vt 0.405273 0.500000
vt 0.343750 1.000000
vt 0.343750 0.500000
vt 0.344727 0.500000
vt 0.345703 0.500000
vt 0.346680 0.500000
vt 0.347656 0.500000
vt 0.348633 0.500000
vt 0.349609 0.500000
vt 0.350586 0.500000
vt 0.351562 0.500000
vt 0.352539 0.500000
vt 0.353516 0.500000
vt 0.354492 0.500000
vt 0.355469 0.500000
vt 0.356445 0.500000
vt 0.357422 0.500000
vt 0.358398 0.500000
vt 0.359375 0.500000
vt 0.360352 0.500000
vt 0.361328 0.500000
vt 0.362305 0.500000
vt 0.363281 0.500000
vt 0.364258 0.500000
vt 0.365234 0.500000
vt 0.366211 0.500000
vt 0.367188 0.500000
vt 0.368164 0.500000
vt 0.369141 0.500000
vt 0.370117 0.500000
vt 0.371094 0.500000
vt 0.372070 0.500000
vt 0.373047 0.500000
vt 0.374023 0.500000
vt 0.312500 1.000000
vt 0.312500 0.500000
vt 0.313477 0.500000
vt 0.314453 0.500000
vt 0.315430 0.500000
vt 0.316406 0.500000
vt 0.317383 0.500000
vt 0.318359 0.500000
vt 0.319336 0.500000
vt 0.320312 0.500000
vt 0.321289 0.500000
vt 0.322266 0.500000
vt 0.323242 0.500000
vt 0.324219 0.500000
vt 0.325195 0.500000
vt 0.326172 0.500000
vt 0.327148 0.500000
vt 0.328125 0.500000
vt 0.329102 0.500000
vt 0.330078 0.500000
vt 0.331055 0.500000
vt 0.332031 0.500000
vt 0.333008 0.500000
vt 0.333984 0.500000
vt 0.334961 0.500000
vt 0.335938 0.500000
vt 0.336914 0.500000
vt 0.337891 0.500000
vt 0.338867 0.500000
vt 0.339844 0.500000
vt 0.340820 0.500000
vt 0.341797 0.500000
vt 0.342773 0.500000
vt 0.281250 1.000000
vt 0.281250 0.500000
vt 0.282227 0.500000
vt 0.283203 0.500000
vt 0.284180 0.500000
vt 0.285156 0.500000
vt 0.286133 0.500000
vt 0.287109 0.500000
vt 0.288086 0.500000
vt 0.289062 0.500000
vt 0.290039 0.500000
vt 0.291016 0.500000
vt 0.291992 0.500000
vt 0.292969 0.500000
vt 0.293945 0.500000
vt 0.294922 0.500000
vt 0.295898 0.500000
vt 0.296875 0.500000
vt 0.297852 0.500000
vt 0.298828 0.500000
vt 0.299805 0.500000
vt 0.300781 0.500000
vt 0.301758 0.500000
vt 0.302734 0.500000
vt 0.303711 0.500000
vt 0.304688 0.500000
vt 0.305664 0.500000
vt 0.306641 0.500000
vt 0.307617 0.500000
vt 0.308594 0.500000
vt 0.309570 0.500000
vt 0.310547 0.500000
vt 0.311523 0.500000
vt 0.250000 1.000000
vt 0.250000 0.500000
vt 0.250977 0.500000
vt 0.251953 0.500000
vt 0.252930 0.500000
vt 0.253906 0.500000
vt 0.254883 0.500000
vt 0.255859 0.500000
vt 0.256836 0.500000
vt 0.257812 0.500000
vt 0.258789 0.500000
vt 0.259766 0.500000
vt 0.260742 0.500000
vt 0.261719 0.500000
vt 0.262695 0.500000
vt 0.263672 0.500000
vt 0.264648 0.500000
vt 0.265625 0.500000
vt 0.266602 0.500000
vt 0.267578 0.500000
vt 0.268555 0.500000
vt 0.269531 0.500000
vt 0.270508 0.500000
vt 0.271484 0.500000
vt 0.272461 0.500000
vt 0.273438 0.500000
vt 0.274414 0.500000
vt 0.275391 0.500000
vt 0.276367 0.500000
vt 0.277344 0.500000
vt 0.278320 0.500000
vt 0.279297 0.500000
vt 0.280273 0.500000
vt 0.218750 1.000000
vt 0.218750 0.500000
vt 0.219727 0.500000
vt 0.220703 0.500000
vt 0.221680 0.500000
vt 0.222656 0.500000
vt 0.223633 0.500000
vt 0.224609 0.500000
vt 0.225586 0.500000
vt 0.226562 0.500000
vt 0.227539 0.500000
vt 0.228516 0.500000
vt 0.229492 0.500000
vt 0.230469 0.500000
vt 0.231445 0.500000
vt 0.232422 0.500000
vt 0.233398 0.500000
vt 0.234375 0.500000
vt 0.235352 0.500000
vt 0.236328 0.500000
vt 0.237305 0.500000
vt 0.238281 0.500000
vt 0.239258 0.500000
vt 0.240234 0.500000
vt 0.241211 0.500000
vt 0.242188 0.500000
vt 0.243164 0.500000
vt 0.244141 0.500000
vt 0.245117 0.500000
vt 0.246094 0.500000
vt 0.247070 0.500000
vt 0.248047 0.500000
vt 0.249023 0.500000
vt 0.187500 1.000000
vt 0.187500 0.500000
vt 0.188477 0.500000
vt 0.189453 0.500000
vt 0.190430 0.500000
vt 0.191406 0.500000
vt 0.192383 0.500000
vt 0.193359 0.500000
vt 0.194336 0.500000
vt 0.195312 0.500000
vt 0.196289 0.500000
vt 0.197266 0.500000
vt 0.198242 0.500000
vt 0.199219 0.500000
vt 0.200195 0.500000
vt 0.201172 0.500000
vt 0.202148 0.500000
vt 0.203125 0.500000
vt 0.204102 0.500000
vt 0.205078 0.500000
vt 0.206055 0.500000
vt 0.207031 0.500000
vt 0.208008 0.500000
vt 0.208984 0.500000
vt 0.209961 0.500000
vt 0.210938 0.500000
vt 0.211914 0.500000
vt 0.212891 0.500000
vt 0.213867 0.500000
vt 0.214844 0.500000
vt 0.215820 0.500000
vt 0.216797 0.500000
vt 0.217773 0.500000
vt 0.156250 1.000000
vt 0.156250 0.500000
vt 0.157227 0.500000
vt 0.158203 0.500000
vt 0.159180 0.500000
vt 0.160156 0.500000
vt 0.161133 0.500000
vt 0.162109 0.500000
vt 0.163086 0.500000
vt 0.164062 0.500000
vt 0.165039 0.500000
vt 0.166016 0.500000
vt 0.166992 0.500000
vt 0.167969 0.500000
vt 0.168945 0.500000
vt 0.169922 0.500000
vt 0.170898 0.500000
vt 0.171875 0.500000
vt 0.172852 0.500000
vt 0.173828 0.500000
vt 0.174805 0.500000
vt 0.175781 0.500000
vt 0.176758 0.500000
vt 0.177734 0.500000
vt 0.178711 0.500000
vt 0.179688 0.500000
vt 0.180664 0.500000
vt 0.181641 0.500000
vt 0.182617 0.500000
vt 0.183594 0.500000
vt 0.184570 0.500000
vt 0.185547 0.500000
vt 0.186523 0.500000
vt 0.125000 1.000000
vt 0.125000 0.500000
vt 0.125977 0.500000
vt 0.126953 0.500000
vt 0.127930 0.500000
vt 0.128906 0.500000
vt 0.129883 0.500000
vt 0.130859 0.500000
vt 0.131836 0.500000
vt 0.132812 0.500000
vt 0.133789 0.500000
vt 0.134766 0.500000
vt 0.135742 0.500000
vt 0.136719 0.500000
vt 0.137695 0.500000
vt 0.138672 0.500000
vt 0.139648 0.500000
vt 0.140625 0.500000
vt 0.141602 0.500000
vt 0.142578 0.500000
vt 0.143555 0.500000
vt 0.144531 0.500000
vt 0.145508 0.500000
vt 0.146484 0.500000
vt 0.147461 0.500000
vt 0.148438 0.500000
vt 0.149414 0.500000
vt 0.150391 0.500000
vt 0.151367 0.500000
vt 0.152344 0.500000
vt 0.153320 0.500000
vt 0.154297 0.500000
vt 0.155273 0.500000
vt 0.093750 1.000000
vt 0.093750 0.500000
vt 0.094727 0.500000
vt 0.095703 0.500000
vt 0.096680 0.500000
vt 0.097656 0.500000
vt 0.098633 0.500000
vt 0.099609 0.500000
vt 0.100586 0.500000
vt 0.101562 0.500000
vt 0.102539 0.500000
vt 0.103516 0.500000
vt 0.104492 0.500000
vt 0.105469 0.500000
vt 0.106445 0.500000
vt 0.107422 0.500000
vt 0.108398 0.500000
vt 0.109375 0.500000
vt 0.110352 0.500000
vt 0.111328 0.500000
vt 0.112305 0.500000
vt 0.113281 0.500000
vt 0.114258 0.500000
vt 0.115234 0.500000
vt 0.116211 0.500000
vt 0.117188 0.500000
vt 0.118164 0.500000
vt 0.119141 0.500000
vt 0.120117 0.500000
vt 0.121094 0.500000
vt 0.122070 0.500000
vt 0.123047 0.500000
vt 0.124023 0.500000
vt 0.062500 1.000000
vt 0.062500 0.500000
vt 0.063477 0.500000
vt 0.064453 0.500000
vt 0.065430 0.500000
vt 0.066406 0.500000
vt 0.067383 0.500000
vt 0.068359 0.500000
vt 0.069336 0.500000
vt 0.070312 0.500000
vt 0.071289 0.500000
vt 0.072266 0.500000
vt 0.073242 0.500000
vt 0.074219 0.500000
vt 0.075195 0.500000
vt 0.076172 0.500000
vt 0.077148 0.500000
vt 0.078125 0.500000
vt 0.079102 0.500000
vt 0.080078 0.500000
vt 0.081055 0.500000
vt 0.082031 0.500000
vt 0.083008 0.500000
vt 0.083984 0.500000
vt 0.084961 0.500000
vt 0.085938 0.500000
vt 0.086914 0.500000
vt 0.087891 0.500000
vt 0.088867 0.500000
vt 0.089844 0.500000
vt 0.090820 0.500000
vt 0.091797 0.500000
vt 0.092773 0.500000
vt 0.296822 0.485388
vt 0.250000 0.490000
vt 0.203178 0.485388
vt 0.158156 0.471731
vt 0.116663 0.449553
vt 0.080294 0.419706
vt 0.050447 0.383337
vt 0.028269 0.341844
vt 0.014612 0.296822
vt 0.010000 0.250000
vt 0.014612 0.203178
vt 0.028269 0.158156
vt 0.050447 0.116663
vt 0.080294 0.080294
vt 0.116663 0.050447
vt 0.158156 0.028269
vt 0.203178 0.014612
vt 0.250000 0.010000
vt 0.296822 0.014612
vt 0.341844 0.028269
vt 0.383337 0.050447
vt 0.419706 0.080294
vt 0.449553 0.116663
vt 0.471731 0.158156
vt 0.485388 0.203178
vt 0.490000 0.250000
vt 0.485388 0.296822
vt 0.471731 0.341844
vt 0.449553 0.383337
vt 0.419706 0.419706
vt 0.383337 0.449553
vt 0.341844 0.471731
vt 0.031250 1.000000
vt 0.031250 0.500000
vt 0.032227 0.500000
vt 0.033203 0.500000
vt 0.034180 0.500000
vt 0.035156 0.500000
vt 0.036133 0.500000
vt 0.037109 0.500000
vt 0.038086 0.500000
vt 0.039062 0.500000
vt 0.040039 0.500000
vt 0.041016 0.500000
vt 0.041992 0.500000
vt 0.042969 0.500000
vt 0.043945 0.500000
vt 0.044922 0.500000
vt 0.045898 0.500000
vt 0.046875 0.500000
vt 0.047852 0.500000
vt 0.048828 0.500000
vt 0.049805 0.500000
vt 0.050781 0.500000
vt 0.051758 0.500000
vt 0.052734 0.500000
vt 0.053711 0.500000
vt 0.054688 0.500000
vt 0.055664 0.500000
vt 0.056641 0.500000
vt 0.057617 0.500000
vt 0.058594 0.500000
vt 0.059570 0.500000
vt 0.060547 0.500000
vt 0.061523 0.500000
vt 0.000000 1.000000
vt 0.000000 0.500000
vt 0.000977 0.500000
vt 0.001953 0.500000
vt 0.002930 0.500000
vt 0.003906 0.500000
vt 0.004883 0.500000
vt 0.005859 0.500000
vt 0.006836 0.500000
vt 0.007812 0.500000
vt 0.008789 0.500000
vt 0.009766 0.500000
vt 0.010742 0.500000
vt 0.011719 0.500000
vt 0.012695 0.500000
vt 0.013672 0.500000
vt 0.014648 0.500000
vt 0.015625 0.500000
vt 0.016602 0.500000
vt 0.017578 0.500000
vt 0.018555 0.500000
vt 0.019531 0.500000
vt 0.020508 0.500000
vt 0.021484 0.500000
vt 0.022461 0.500000
vt 0.023438 0.500000
vt 0.024414 0.500000
vt 0.025391 0.500000
vt 0.026367 0.500000
vt 0.027344 0.500000
vt 0.028320 0.500000
vt 0.029297 0.500000
vt 0.030273 0.500000
vt 0.365501 0.000158
vt 0.367509 0.000557
vt 0.369517 0.000957
vt 0.371525 0.001356
vt 0.373533 0.001755
vt 0.375541 0.002155
vt 0.377549 0.002554
vt 0.379557 0.002954
vt 0.381565 0.003353
vt 0.383573 0.003753
vt 0.385581 0.004152
vt 0.387589 0.004551
vt 0.389597 0.004951
vt 0.391605 0.005350
vt 0.393613 0.005750
vt 0.395621 0.006149
vt 0.397629 0.006548
vt 0.399637 0.006948
vt 0.401644 0.007347
vt 0.403652 0.007747
vt 0.405660 0.008146
vt 0.407668 0.008546
vt 0.409676 0.008945
vt 0.411684 0.009344
vt 0.413692 0.009744
vt 0.415700 0.010143
vt 0.417708 0.010543
vt 0.419716 0.010942
vt 0.421724 0.011341
vt 0.423732 0.011741
vt 0.425740 0.012140
vt 0.427748 0.012540
vt 0.429756 0.012939
vt 0.431648 0.013722
vt 0.433539 0.014506
vt 0.435430 0.015289
vt 0.437322 0.016073
vt 0.439213 0.016856
vt 0.441105 0.017640
vt 0.442996 0.018423
vt 0.444888 0.019207
vt 0.446779 0.019990
vt 0.448671 0.020774
vt 0.450562 0.021557
vt 0.452454 0.022341
vt 0.454345 0.023124
vt 0.456237 0.023908
vt 0.458128 0.024691
vt 0.460020 0.025475
vt 0.461911 0.026258
vt 0.463802 0.027042
vt 0.465694 0.027825
vt 0.467585 0.028608
vt 0.469477 0.029392
vt 0.471368 0.030175
vt 0.473260 0.030959
vt 0.475151 0.031742
vt 0.477043 0.032526
vt 0.478934 0.033309
vt 0.480826 0.034093
vt 0.482717 0.034876
vt 0.484609 0.035660
vt 0.486500 0.036443
vt 0.488391 0.037227
vt 0.490283 0.038010
vt 0.491985 0.039148
vt 0.493687 0.040285
vt 0.495390 0.041422
vt 0.497092 0.042560
vt 0.498794 0.043697
vt 0.500497 0.044835
vt 0.502199 0.045972
vt 0.503901 0.047110
vt 0.505603 0.048247
vt 0.507306 0.049384
vt 0.509008 0.050522
vt 0.510710 0.051659
vt 0.512413 0.052797
vt 0.514115 0.053934
vt 0.515817 0.055072
vt 0.517519 0.056209
vt 0.519222 0.057346
vt 0.520924 0.058484
vt 0.522626 0.059621
vt 0.524329 0.060759
vt 0.526031 0.061896
vt 0.527733 0.063034
vt 0.529435 0.064171
vt 0.531138 0.065308
vt 0.532840 0.066446
vt 0.534542 0.067583
vt 0.536244 0.068721
vt 0.537947 0.069858
vt 0.539649 0.070995
vt 0.541351 0.072133
vt 0.543053 0.073270
vt 0.544756 0.074408
vt 0.546203 0.075855
vt 0.547651 0.077303
vt 0.549099 0.078751
vt 0.550546 0.080198
vt 0.551994 0.081646
vt 0.553442 0.083094
vt 0.554889 0.084541
vt 0.556337 0.085989
vt 0.557785 0.087437
vt 0.559232 0.088884
vt 0.560680 0.090332
vt 0.562128 0.091780
vt 0.563575 0.093227
vt 0.565023 0.094675
vt 0.566471 0.096123
vt 0.567918 0.097570
vt 0.569366 0.099018
vt 0.570814 0.100466
vt 0.572261 0.101913
vt 0.573709 0.103361
vt 0.575157 0.104809
vt 0.576604 0.106256
vt 0.578052 0.107704
vt 0.579500 0.109152
vt 0.580947 0.110599
vt 0.582395 0.112047
vt 0.583843 0.113495
vt 0.585290 0.114942
vt 0.586738 0.116390
vt 0.588186 0.117838
vt 0.589633 0.119285
vt 0.591081 0.120733
vt 0.592218 0.122435
vt 0.593356 0.124137
vt 0.594493 0.125840
vt 0.595631 0.127542
vt 0.596768 0.129244
vt 0.597905 0.130947
vt 0.599043 0.132649
vt 0.600180 0.134351
vt 0.601318 0.136054
vt 0.602455 0.137756
vt 0.603593 0.139458
vt 0.604730 0.141160
vt 0.605868 0.142863
vt 0.607005 0.144565
vt 0.608142 0.146267
vt 0.609280 0.147969
vt 0.610417 0.149672
vt 0.611555 0.151374
vt 0.612692 0.153076
vt 0.613829 0.154779
vt 0.614967 0.156481
vt 0.616104 0.158183
vt 0.617242 0.159885
vt 0.618379 0.161588
vt 0.619517 0.163290
vt 0.620654 0.164992
vt 0.621791 0.166694
vt 0.622929 0.168397
vt 0.624066 0.170099
vt 0.625204 0.171801
vt 0.626341 0.173503
vt 0.627479 0.175206
vt 0.628262 0.177097
vt 0.629045 0.178989
vt 0.629829 0.180880
vt 0.630612 0.182772
vt 0.631396 0.184663
vt 0.632179 0.186555
vt 0.632963 0.188446
vt 0.633746 0.190338
vt 0.634530 0.192229
vt 0.635313 0.194120
vt 0.636097 0.196012
vt 0.636880 0.197903
vt 0.637664 0.199795
vt 0.638447 0.201686
vt 0.639231 0.203578
vt 0.640014 0.205469
vt 0.640798 0.207361
vt 0.641581 0.209252
vt 0.642364 0.211144
vt 0.643148 0.213035
vt 0.643931 0.214927
vt 0.644715 0.216818
vt 0.645498 0.218709
vt 0.646282 0.220601
vt 0.647065 0.222492
vt 0.647849 0.224384
vt 0.648632 0.226275
vt 0.649416 0.228167
vt 0.650199 0.230058
vt 0.650983 0.231950
vt 0.651766 0.233841
vt 0.652550 0.235733
vt 0.652949 0.237741
vt 0.653348 0.239749
vt 0.653748 0.241757
vt 0.654147 0.243765
vt 0.654547 0.245772
vt 0.654946 0.247780
vt 0.655345 0.249788
vt 0.655745 0.251796
vt 0.656144 0.253804
vt 0.656544 0.255812
vt 0.656943 0.257820
vt 0.657342 0.259828
vt 0.657742 0.261836
vt 0.658141 0.263844
vt 0.658541 0.265852
vt 0.658940 0.267860
vt 0.659339 0.269868
vt 0.659739 0.271876
vt 0.660138 0.273884
vt 0.660538 0.275892
vt 0.660937 0.277900
vt 0.661336 0.279908
vt 0.661736 0.281916
vt 0.662135 0.283924
vt 0.662535 0.285932
vt 0.662934 0.287940
vt 0.663334 0.289948
vt 0.663733 0.291956
vt 0.664132 0.293964
vt 0.664532 0.295972
vt 0.664931 0.297980
vt 0.665331 0.299988
vt 0.665331 0.302035
vt 0.665331 0.304082
vt 0.665331 0.306129
vt 0.665331 0.308177
vt 0.665331 0.310224
vt 0.665331 0.312271
vt 0.665331 0.314319
vt 0.665331 0.316366
vt 0.665331 0.318413
vt 0.665331 0.320461
vt 0.665331 0.322508
vt 0.665331 0.324555
vt 0.665331 0.326603
vt 0.665331 0.328650
vt 0.665331 0.330697
vt 0.665331 0.332745
vt 0.665331 0.334792
vt 0.665331 0.336839
vt 0.665331 0.338887
vt 0.665331 0.340934
vt 0.665331 0.342981
vt 0.665331 0.345028
vt 0.665331 0.347076
vt 0.665331 0.349123
vt 0.665331 0.351170
vt 0.665331 0.353218
vt 0.665331 0.355265
vt 0.665331 0.357312
vt 0.665331 0.359360
vt 0.665331 0.361407
vt 0.665331 0.363454
vt 0.665331 0.365501
vt 0.664931 0.367509
vt 0.664532 0.369517
vt 0.664132 0.371525
vt 0.663733 0.373533
vt 0.663334 0.375541
vt 0.662934 0.377549
vt 0.662535 0.379557
vt 0.662135 0.381565
vt 0.661736 0.383573
vt 0.661336 0.385581
vt 0.660937 0.387589
vt 0.660538 0.389597
vt 0.660138 0.391605
vt 0.659739 0.393613
vt 0.659339 0.395621
vt 0.658940 0.397629
vt 0.658541 0.399637
vt 0.658141 0.401645
vt 0.657742 0.403653
vt 0.657342 0.405661
vt 0.656943 0.407669
vt 0.656544 0.409677
vt 0.656144 0.411685
vt 0.655745 0.413692
vt 0.655345 0.415700
vt 0.654946 0.417708
vt 0.654546 0.419716
vt 0.654147 0.421724
vt 0.653748 0.423732
vt 0.653348 0.425740
vt 0.652949 0.427748
vt 0.652550 0.429756
vt 0.651766 0.431648
vt 0.650982 0.433539
vt 0.650199 0.435431
vt 0.649416 0.437322
vt 0.648632 0.439214
vt 0.647849 0.441105
vt 0.647065 0.442997
vt 0.646282 0.444888
vt 0.645498 0.446780
vt 0.644715 0.448671
vt 0.643931 0.450563
vt 0.643148 0.452454
vt 0.642364 0.454345
vt 0.641581 0.456237
vt 0.640797 0.458128
vt 0.640014 0.460020
vt 0.639230 0.461911
vt 0.638447 0.463803
vt 0.637664 0.465694
vt 0.636880 0.467586
vt 0.636097 0.469477
vt 0.635313 0.471368
vt 0.634530 0.473260
vt 0.633746 0.475151
vt 0.632963 0.477043
vt 0.632179 0.478934
vt 0.631396 0.480826
vt 0.630612 0.482717
vt 0.629829 0.484609
vt 0.629045 0.486500
vt 0.628262 0.488392
vt 0.627478 0.490283
vt 0.626341 0.491985
vt 0.625204 0.493688
vt 0.624066 0.495390
vt 0.622929 0.497092
vt 0.621791 0.498795
vt 0.620654 0.500497
vt 0.619516 0.502199
vt 0.618379 0.503901
vt 0.617242 0.505604
vt 0.616104 0.507306
vt 0.614967 0.509008
vt 0.613829 0.510711
vt 0.612692 0.512413
vt 0.611554 0.514115
vt 0.610417 0.515817
vt 0.609280 0.517520
vt 0.608142 0.519222
vt 0.607005 0.520924
vt 0.605867 0.522626
vt 0.604730 0.524329
vt 0.603593 0.526031
vt 0.602455 0.527733
vt 0.601318 0.529435
vt 0.600180 0.531138
vt 0.599043 0.532840
vt 0.597906 0.534542
vt 0.596768 0.536244
vt 0.595631 0.537947
vt 0.594493 0.539649
vt 0.593356 0.541351
vt 0.592218 0.543054
vt 0.591081 0.544756
vt 0.589633 0.546203
vt 0.588186 0.547651
vt 0.586738 0.549099
vt 0.585290 0.550547
vt 0.583843 0.551994
vt 0.582395 0.553442
vt 0.580947 0.554890
vt 0.579500 0.556337
vt 0.578052 0.557785
vt 0.576604 0.559233
vt 0.575157 0.560680
vt 0.573709 0.562128
vt 0.572261 0.563576
vt 0.570814 0.565023
vt 0.569366 0.566471
vt 0.567918 0.567919
vt 0.566471 0.569366
vt 0.565023 0.570814
vt 0.563575 0.572262
vt 0.562128 0.573709
vt 0.560680 0.575157
vt 0.559232 0.576605
vt 0.557785 0.578052
vt 0.556337 0.579500
vt 0.554890 0.580947
vt 0.553442 0.582395
vt 0.551994 0.583843
vt 0.550547 0.585290
vt 0.549099 0.586738
vt 0.547651 0.588186
vt 0.546204 0.589633
vt 0.544756 0.591081
vt 0.543054 0.592219
vt 0.541351 0.593356
vt 0.539649 0.594493
vt 0.537947 0.595631
vt 0.536245 0.596768
vt 0.534542 0.597906
vt 0.532840 0.599043
vt 0.531138 0.600181
vt 0.529435 0.601318
vt 0.527733 0.602455
vt 0.526031 0.603593
vt 0.524329 0.604730
vt 0.522626 0.605868
vt 0.520924 0.607005
vt 0.519222 0.608142
vt 0.517520 0.609280
vt 0.515818 0.610417
vt 0.514115 0.611555
vt 0.512413 0.612692
vt 0.510711 0.613829
vt 0.509009 0.614967
vt 0.507306 0.616104
vt 0.505604 0.617242
vt 0.503902 0.618379
vt 0.502200 0.619517
vt 0.500497 0.620654
vt 0.498795 0.621791
vt 0.497093 0.622929
vt 0.495391 0.624066
vt 0.493688 0.625204
vt 0.491986 0.626341
vt 0.490284 0.627479
vt 0.488392 0.628262
vt 0.486501 0.629045
vt 0.484609 0.629829
vt 0.482718 0.630612
vt 0.480826 0.631396
vt 0.478935 0.632179
vt 0.477043 0.632963
vt 0.475152 0.633746
vt 0.473260 0.634530
vt 0.471369 0.635313
vt 0.469477 0.636097
vt 0.467586 0.636880
vt 0.465694 0.637664
vt 0.463803 0.638447
vt 0.461911 0.639231
vt 0.460020 0.640014
vt 0.458128 0.640798
vt 0.456237 0.641581
vt 0.454346 0.642365
vt 0.452454 0.643148
vt 0.450563 0.643932
vt 0.448671 0.644715
vt 0.446780 0.645498
vt 0.444888 0.646282
vt 0.442997 0.647065
vt 0.441105 0.647849
vt 0.439214 0.648632
vt 0.437322 0.649416
vt 0.435431 0.650199
vt 0.433540 0.650983
vt 0.431648 0.651766
vt 0.429757 0.652550
vt 0.427749 0.652949
vt 0.425741 0.653349
vt 0.423733 0.653748
vt 0.421725 0.654147
vt 0.419717 0.654547
vt 0.417709 0.654946
vt 0.415701 0.655346
vt 0.413693 0.655745
vt 0.411685 0.656144
vt 0.409677 0.656544
vt 0.407669 0.656943
vt 0.405661 0.657343
vt 0.403653 0.657742
vt 0.401645 0.658141
vt 0.399637 0.658541
vt 0.397629 0.658940
vt 0.395621 0.659340
vt 0.393613 0.659739
vt 0.391605 0.660138
vt 0.389597 0.660538
vt 0.387589 0.660937
vt 0.385581 0.661337
vt 0.383573 0.661736
vt 0.381565 0.662136
vt 0.379557 0.662535
vt 0.377549 0.662934
vt 0.375541 0.663334
vt 0.373533 0.663733
vt 0.371525 0.664133
vt 0.369517 0.664532
vt 0.367509 0.664931
vt 0.365501 0.665331
vt 0.363454 0.665331
vt 0.361407 0.665331
vt 0.359359 0.665331
vt 0.357312 0.665331
vt 0.355265 0.665331
vt 0.353217 0.665331
vt 0.351170 0.665331
vt 0.349123 0.665331
vt 0.347075 0.665331
vt 0.345028 0.665331
vt 0.342981 0.665331
vt 0.340933 0.665331
vt 0.338886 0.665331
vt 0.336839 0.665331
vt 0.334791 0.665331
vt 0.332744 0.665331
vt 0.330697 0.665331
vt 0.328650 0.665331
vt 0.326602 0.665331
vt 0.324555 0.665331
vt 0.322508 0.665331
vt 0.320460 0.665331
vt 0.318413 0.665331
vt 0.316366 0.665331
vt 0.314319 0.665331
vt 0.312271 0.665331
vt 0.310224 0.665331
vt 0.308177 0.665331
vt 0.306129 0.665331
vt 0.304082 0.665331
vt 0.302035 0.665331
vt 0.299987 0.665331
vt 0.297979 0.664931
vt 0.295971 0.664532
vt 0.293963 0.664133
vt 0.291956 0.663733
vt 0.289948 0.663334
vt 0.287940 0.662934
vt 0.285932 0.662535
vt 0.283924 0.662136
vt 0.281916 0.661736
vt 0.279908 0.661337
vt 0.277900 0.660937
vt 0.275892 0.660538
vt 0.273884 0.660139
vt 0.271876 0.659739
vt 0.269868 0.659340
vt 0.267860 0.658941
vt 0.265852 0.658541
vt 0.263844 0.658142
vt 0.261836 0.657742
vt 0.259828 0.657343
vt 0.257821 0.656944
vt 0.255813 0.656544
vt 0.253805 0.656145
vt 0.251797 0.655745
vt 0.249789 0.655346
vt 0.247781 0.654947
vt 0.245773 0.654547
vt 0.243765 0.654148
vt 0.241757 0.653748
vt 0.239749 0.653349
vt 0.237741 0.652950
vt 0.235733 0.652550
vt 0.233841 0.651767
vt 0.231950 0.650983
vt 0.230058 0.650200
vt 0.228167 0.649416
vt 0.226275 0.648633
vt 0.224384 0.647849
vt 0.222492 0.647066
vt 0.220601 0.646282
vt 0.218710 0.645499
vt 0.216818 0.644715
vt 0.214927 0.643932
vt 0.213035 0.643148
vt 0.211144 0.642365
vt 0.209252 0.641581
vt 0.207361 0.640798
vt 0.205469 0.640014
vt 0.203578 0.639231
vt 0.201686 0.638448
vt 0.199795 0.637664
vt 0.197904 0.636881
vt 0.196012 0.636097
vt 0.194121 0.635314
vt 0.192229 0.634530
vt 0.190338 0.633747
vt 0.188446 0.632963
vt 0.186555 0.632180
vt 0.184663 0.631396
vt 0.182772 0.630613
vt 0.180880 0.629829
vt 0.178989 0.629046
vt 0.177097 0.628262
vt 0.175206 0.627479
vt 0.173504 0.626342
vt 0.171801 0.625204
vt 0.170099 0.624067
vt 0.168397 0.622929
vt 0.166694 0.621792
vt 0.164992 0.620654
vt 0.163290 0.619517
vt 0.161588 0.618380
vt 0.159885 0.617242
vt 0.158183 0.616105
vt 0.156481 0.614967
vt 0.154778 0.613830
vt 0.153076 0.612692
vt 0.151374 0.611555
vt 0.149672 0.610418
vt 0.147969 0.609280
vt 0.146267 0.608143
vt 0.144565 0.607005
vt 0.142863 0.605868
vt 0.141160 0.604731
vt 0.139458 0.603593
vt 0.137756 0.602456
vt 0.136054 0.601318
vt 0.134351 0.600181
vt 0.132649 0.599043
vt 0.130947 0.597906
vt 0.129245 0.596769
vt 0.127542 0.595631
vt 0.125840 0.594494
vt 0.124138 0.593356
vt 0.122435 0.592219
vt 0.120733 0.591081
vt 0.119285 0.589634
vt 0.117838 0.588186
vt 0.116390 0.586738
vt 0.114942 0.585291
vt 0.113495 0.583843
vt 0.112047 0.582395
vt 0.110599 0.580948
vt 0.109152 0.579500
vt 0.107704 0.578052
vt 0.106256 0.576605
vt 0.104809 0.575157
vt 0.103361 0.573709
vt 0.101913 0.572262
vt 0.100466 0.570814
vt 0.099018 0.569366
vt 0.097570 0.567919
vt 0.096123 0.566471
vt 0.094675 0.565023
vt 0.093227 0.563576
vt 0.091780 0.562128
vt 0.090332 0.560680
vt 0.088884 0.559233
vt 0.087437 0.557785
vt 0.085989 0.556337
vt 0.084541 0.554890
vt 0.083094 0.553442
vt 0.081646 0.551994
vt 0.080198 0.550547
vt 0.078751 0.549099
vt 0.077303 0.547651
vt 0.075855 0.546204
vt 0.074408 0.544756
vt 0.073270 0.543054
vt 0.072133 0.541351
vt 0.070995 0.539649
vt 0.069858 0.537947
vt 0.068720 0.536245
vt 0.067583 0.534542
vt 0.066446 0.532840
vt 0.065308 0.531138
vt 0.064171 0.529435
vt 0.063033 0.527733
vt 0.061896 0.526031
vt 0.060758 0.524328
vt 0.059621 0.522626
vt 0.058484 0.520924
vt 0.057346 0.519222
vt 0.056209 0.517519
vt 0.055071 0.515817
vt 0.053934 0.514115
vt 0.052796 0.512413
vt 0.051659 0.510710
vt 0.050522 0.509008
vt 0.049384 0.507306
vt 0.048247 0.505604
vt 0.047109 0.503901
vt 0.045972 0.502199
vt 0.044835 0.500497
vt 0.043697 0.498795
vt 0.042560 0.497092
vt 0.041422 0.495390
vt 0.040285 0.493688
vt 0.039147 0.491985
vt 0.038010 0.490283
vt 0.037227 0.488392
vt 0.036443 0.486500
vt 0.035660 0.484609
vt 0.034876 0.482717
vt 0.034093 0.480826
vt 0.033309 0.478934
vt 0.032526 0.477043
vt 0.031742 0.475151
vt 0.030959 0.473260
vt 0.030175 0.471368
vt 0.029392 0.469477
vt 0.028608 0.467585
vt 0.027825 0.465694
vt 0.027041 0.463802
vt 0.026258 0.461911
vt 0.025474 0.460019
vt 0.024691 0.458128
vt 0.023907 0.456237
vt 0.023124 0.454345
vt 0.022341 0.452454
vt 0.021557 0.450562
vt 0.020774 0.448671
vt 0.019990 0.446779
vt 0.019207 0.444888
vt 0.018423 0.442996
vt 0.017640 0.441105
vt 0.016856 0.439214
vt 0.016073 0.437322
vt 0.015289 0.435431
vt 0.014506 0.433539
vt 0.013722 0.431648
vt 0.012939 0.429756
vt 0.012540 0.427748
vt 0.012140 0.425740
vt 0.011741 0.423732
vt 0.011341 0.421724
vt 0.010942 0.419716
vt 0.010542 0.417708
vt 0.010143 0.415700
vt 0.009744 0.413692
vt 0.009344 0.411684
vt 0.008945 0.409676
vt 0.008545 0.407668
vt 0.008146 0.405660
vt 0.007747 0.403652
vt 0.007347 0.401644
vt 0.006948 0.399637
vt 0.006548 0.397629
vt 0.006149 0.395621
vt 0.005750 0.393613
vt 0.005350 0.391605
vt 0.004951 0.389597
vt 0.004551 0.387589
vt 0.004152 0.385581
vt 0.003753 0.383573
vt 0.003353 0.381565
vt 0.002954 0.379557
vt 0.002554 0.377549
vt 0.002155 0.375541
vt 0.001755 0.373533
vt 0.001356 0.371525
vt 0.000957 0.369517
vt 0.000557 0.367509
vt 0.000158 0.365501
vt 0.000158 0.363454
vt 0.000158 0.361407
vt 0.000158 0.359359
vt 0.000158 0.357312
vt 0.000158 0.355265
vt 0.000158 0.353217
vt 0.000158 0.351170
vt 0.000158 0.349123
vt 0.000158 0.347075
vt 0.000158 0.345028
vt 0.000158 0.342981
vt 0.000158 0.340933
vt 0.000158 0.338886
vt 0.000158 0.336839
vt 0.000158 0.334791
vt 0.000158 0.332744
vt 0.000158 0.330697
vt 0.000158 0.328650
vt 0.000158 0.326602
vt 0.000158 0.324555
vt 0.000158 0.322508
vt 0.000158 0.320460
vt 0.000158 0.318413
vt 0.000158 0.316366
vt 0.000158 0.314319
vt 0.000158 0.312271
vt 0.000158 0.310224
vt 0.000158 0.308177
vt 0.000158 0.306129
vt 0.000158 0.304082
vt 0.000158 0.302035
vt 0.000158 0.299987
vt 0.000557 0.297979
vt 0.000957 0.295971
vt 0.001356 0.293963
vt 0.001756 0.291955
vt 0.002155 0.289947
vt 0.002554 0.287939
vt 0.002954 0.285931
vt 0.003353 0.283924
vt 0.003753 0.281916
vt 0.004152 0.279908
vt 0.004551 0.277900
vt 0.004951 0.275892
vt 0.005350 0.273884
vt 0.005750 0.271876
vt 0.006149 0.269868
vt 0.006548 0.267860
vt 0.006948 0.265852
vt 0.007347 0.263844
vt 0.007747 0.261836
vt 0.008146 0.259828
vt 0.008545 0.257820
vt 0.008945 0.255812
vt 0.009344 0.253804
vt 0.009744 0.251796
vt 0.010143 0.249788
vt 0.010543 0.247780
vt 0.010942 0.245772
vt 0.011341 0.243764
vt 0.011741 0.241756
vt 0.012140 0.239748
vt 0.012540 0.237740
vt 0.012939 0.235732
vt 0.013722 0.233841
vt 0.014506 0.231949
vt 0.015289 0.230058
vt 0.016073 0.228166
vt 0.016856 0.226275
vt 0.017640 0.224384
vt 0.018423 0.222492
vt 0.019207 0.220601
vt 0.019990 0.218709
vt 0.020774 0.216818
vt 0.021557 0.214926
vt 0.022341 0.213035
vt 0.023124 0.211143
vt 0.023908 0.209252
vt 0.024691 0.207360
vt 0.025475 0.205469
vt 0.026258 0.203577
vt 0.027041 0.201686
vt 0.027825 0.199795
vt 0.028608 0.197903
vt 0.029392 0.196012
vt 0.030175 0.194120
vt 0.030959 0.192229
vt 0.031742 0.190337
vt 0.032526 0.188446
vt 0.033309 0.186554
vt 0.034092 0.184663
vt 0.034876 0.182771
vt 0.035659 0.180880
vt 0.036443 0.178989
vt 0.037226 0.177097
vt 0.038010 0.175206
vt 0.039147 0.173503
vt 0.040285 0.171801
vt 0.041422 0.170099
vt 0.042559 0.168396
vt 0.043697 0.166694
vt 0.044834 0.164992
vt 0.045972 0.163290
vt 0.047109 0.161587
vt 0.048247 0.159885
vt 0.049384 0.158183
vt 0.050521 0.156480
vt 0.051659 0.154778
vt 0.052796 0.153076
vt 0.053934 0.151374
vt 0.055071 0.149671
vt 0.056209 0.147969
vt 0.057346 0.146267
vt 0.058483 0.144565
vt 0.059621 0.142862
vt 0.060758 0.141160
vt 0.061896 0.139458
vt 0.063033 0.137755
vt 0.064170 0.136053
vt 0.065308 0.134351
vt 0.066445 0.132649
vt 0.067582 0.130946
vt 0.068720 0.129244
vt 0.069857 0.127542
vt 0.070995 0.125840
vt 0.072132 0.124137
vt 0.073270 0.122435
vt 0.074407 0.120733
vt 0.075855 0.119285
vt 0.077302 0.117837
vt 0.078750 0.116390
vt 0.080198 0.114942
vt 0.081645 0.113494
vt 0.083093 0.112047
vt 0.084541 0.110599
vt 0.085988 0.109151
vt 0.087436 0.107704
vt 0.088884 0.106256
vt 0.090331 0.104808
vt 0.091779 0.103361
vt 0.093227 0.101913
vt 0.094674 0.100465
vt 0.096122 0.099018
vt 0.097570 0.097570
vt 0.099017 0.096122
vt 0.100465 0.094675
vt 0.101913 0.093227
vt 0.103360 0.091780
vt 0.104808 0.090332
vt 0.106255 0.088884
vt 0.107703 0.087437
vt 0.109151 0.085989
vt 0.110598 0.084541
vt 0.112046 0.083094
vt 0.113494 0.081646
vt 0.114941 0.080198
vt 0.116389 0.078751
vt 0.117837 0.077303
vt 0.119284 0.075855
vt 0.120732 0.074408
vt 0.122434 0.073270
vt 0.124137 0.072133
vt 0.125839 0.070995
vt 0.127541 0.069858
vt 0.129244 0.068721
vt 0.130946 0.067583
vt 0.132648 0.066446
vt 0.134350 0.065308
vt 0.136053 0.064171
vt 0.137755 0.063033
vt 0.139457 0.061896
vt 0.141160 0.060758
vt 0.142862 0.059621
vt 0.144564 0.058484
vt 0.146266 0.057346
vt 0.147969 0.056209
vt 0.149671 0.055071
vt 0.151373 0.053934
vt 0.153075 0.052796
vt 0.154778 0.051659
vt 0.156480 0.050522
vt 0.158182 0.049384
vt 0.159884 0.048247
vt 0.161587 0.047109
vt 0.163289 0.045972
vt 0.164991 0.044835
vt 0.166693 0.043697
vt 0.168396 0.042560
vt 0.170098 0.041422
vt 0.171800 0.040285
vt 0.173503 0.039147
vt 0.175205 0.038010
vt 0.177096 0.037227
vt 0.178988 0.036443
vt 0.180879 0.035660
vt 0.182771 0.034876
vt 0.184662 0.034093
vt 0.186554 0.033309
vt 0.188445 0.032526
vt 0.190337 0.031742
vt 0.192228 0.030959
vt 0.194120 0.030175
vt 0.196011 0.029392
vt 0.197903 0.028608
vt 0.199794 0.027825
vt 0.201686 0.027041
vt 0.203577 0.026258
vt 0.205468 0.025474
vt 0.207360 0.024691
vt 0.209251 0.023908
vt 0.211143 0.023124
vt 0.213034 0.022341
vt 0.214925 0.021557
vt 0.216817 0.020774
vt 0.218708 0.019990
vt 0.220600 0.019207
vt 0.222491 0.018423
vt 0.224383 0.017640
vt 0.226274 0.016856
vt 0.228166 0.016073
vt 0.230057 0.015289
vt 0.231949 0.014506
vt 0.233840 0.013722
vt 0.235732 0.012939
vt 0.237740 0.012540
vt 0.239748 0.012140
vt 0.241756 0.011741
vt 0.243764 0.011341
vt 0.245772 0.010942
vt 0.247780 0.010543
vt 0.249788 0.010143
vt 0.251796 0.009744
vt 0.253803 0.009344
vt 0.255811 0.008945
vt 0.257819 0.008545
vt 0.259827 0.008146
vt 0.261835 0.007747
vt 0.263843 0.007347
vt 0.265851 0.006948
vt 0.267859 0.006548
vt 0.269867 0.006149
vt 0.271875 0.005750
vt 0.273883 0.005350
vt 0.275891 0.004951
vt 0.277899 0.004551
vt 0.279907 0.004152
vt 0.281915 0.003753
vt 0.283923 0.003353
vt 0.285931 0.002954
vt 0.287939 0.002554
vt 0.289947 0.002155
vt 0.291955 0.001755
vt 0.293963 0.001356
vt 0.295971 0.000957
vt 0.297979 0.000557
vt 0.299987 0.000158
vt 0.302034 0.000158
vt 0.304081 0.000158
vt 0.306129 0.000158
vt 0.308176 0.000158
vt 0.310223 0.000158
vt 0.312271 0.000158
vt 0.314318 0.000158
vt 0.316365 0.000158
vt 0.318413 0.000158
vt 0.320460 0.000158
vt 0.322507 0.000158
vt 0.324555 0.000158
vt 0.326602 0.000158
vt 0.328649 0.000158
vt 0.330697 0.000158
vt 0.332744 0.000158
vt 0.334791 0.000158
vt 0.336839 0.000158
vt 0.338886 0.000158
vt 0.340933 0.000158
vt 0.342980 0.000158
vt 0.345028 0.000158
vt 0.347075 0.000158
vt 0.349122 0.000158
vt 0.351170 0.000158
vt 0.353217 0.000158
vt 0.355264 0.000158
vt 0.357312 0.000158
vt 0.359359 0.000158
vt 0.361406 0.000158
vt 0.363453 0.000158
vt 0.665646 0.501767
vt 0.665646 0.418218
vt 0.749195 0.418218
vt 0.749195 0.501767
vt 0.832744 0.418218
vt 0.832744 0.501767
vt 0.916293 0.418218
vt 0.916293 0.501767
vt 0.999842 0.418218
vt 0.999842 0.501767
vt 0.832744 0.585316
vt 0.916293 0.585316
vt 0.832744 0.334669
vt 0.916293 0.334669
vt 0.083707 0.665647
vt 0.167256 0.665647
vt 0.167256 0.749195
vt 0.083707 0.749195
vt 0.167256 0.832744
vt 0.083707 0.832744
vt 0.167256 0.916293
vt 0.083707 0.916293
vt 0.167256 0.999842
vt 0.083707 0.999842
vt 0.000158 0.832744
vt 0.000158 0.916293
vt 0.250805 0.832744
vt 0.250805 0.916293
vt 0.832744 0.167256
vt 0.825782 0.167256
vt 0.825782 0.139406
vt 0.832744 0.139406
vt 0.825782 0.111556
vt 0.832744 0.111556
vt 0.825782 0.083707
vt 0.832744 0.083707
vt 0.825782 0.055857
vt 0.832744 0.055857
vt 0.825782 0.028007
vt 0.832744 0.028007
vt 0.825782 0.000158
vt 0.832744 0.000158
vt 0.832744 0.334353
vt 0.825782 0.334353
vt 0.825782 0.306504
vt 0.832744 0.306504
vt 0.825782 0.278654
vt 0.832744 0.278654
vt 0.825782 0.250805
vt 0.832744 0.250805
vt 0.825782 0.222955
vt 0.832744 0.222955
vt 0.825782 0.195105
vt 0.832744 0.195105
vt 0.818819 0.167256
vt 0.818819 0.139406
vt 0.818819 0.111556
vt 0.818819 0.083707
vt 0.818819 0.055857
vt 0.818819 0.028007
vt 0.818819 0.000158
vt 0.818819 0.334353
vt 0.818819 0.306504
vt 0.818819 0.278654
vt 0.818819 0.250805
vt 0.818819 0.222955
vt 0.818819 0.195105
vt 0.811857 0.167256
vt 0.811857 0.139406
vt 0.811857 0.111556
vt 0.811857 0.083707
vt 0.811857 0.055857
vt 0.811857 0.028007
vt 0.811857 0.000158
vt 0.811857 0.334353
vt 0.811857 0.306504
vt 0.811857 0.278654
vt 0.811857 0.250805
vt 0.811857 0.222955
vt 0.811857 0.195105
vt 0.804894 0.167256
vt 0.804894 0.139406
vt 0.804894 0.111556
vt 0.804894 0.083707
vt 0.804894 0.055857
vt 0.804894 0.028007
vt 0.804894 0.000158
vt 0.804894 0.334353
vt 0.804894 0.306504
vt 0.804894 0.278654
vt 0.804894 0.250805
vt 0.804894 0.222955
vt 0.804894 0.195105
vt 0.797932 0.167256
vt 0.797932 0.139406
vt 0.797932 0.111556
vt 0.797932 0.083707
vt 0.797932 0.055857
vt 0.797932 0.028007
vt 0.797932 0.000158
vt 0.797932 0.334353
vt 0.797932 0.306504
vt 0.797932 0.278654
vt 0.797932 0.250805
vt 0.797932 0.222955
vt 0.797932 0.195105
vt 0.790970 0.167256
vt 0.790970 0.139406
vt 0.790970 0.111556
vt 0.790970 0.083707
vt 0.790970 0.055857
vt 0.790970 0.028007
vt 0.790970 0.000158
vt 0.790970 0.334353
vt 0.790970 0.306504
vt 0.790970 0.278654
vt 0.790970 0.250805
vt 0.790970 0.222955
vt 0.790970 0.195105
vt 0.784007 0.167256
vt 0.784007 0.139406
vt 0.784007 0.111556
vt 0.784007 0.083707
vt 0.784007 0.055857
vt 0.784007 0.028007
vt 0.784007 0.000158
vt 0.784007 0.334353
vt 0.784007 0.306504
vt 0.784007 0.278654
vt 0.784007 0.250805
vt 0.784007 0.222955
vt 0.784007 0.195105
vt 0.777045 0.167256
vt 0.777045 0.139406
vt 0.777045 0.111556
vt 0.777045 0.083707
vt 0.777045 0.055857
vt 0.777045 0.028007
vt 0.777045 0.000158
vt 0.777045 0.334353
vt 0.777045 0.306504
vt 0.777045 0.278654
vt 0.777045 0.250805
vt 0.777045 0.222955
vt 0.777045 0.195105
vt 0.770082 0.167256
vt 0.770082 0.139406
vt 0.770082 0.111556
vt 0.770082 0.083707
vt 0.770082 0.055857
vt 0.770082 0.028007
vt 0.770082 0.000158
vt 0.770082 0.334353
vt 0.770082 0.306504
vt 0.770082 0.278654
vt 0.770082 0.250805
vt 0.770082 0.222955
vt 0.770082 0.195105
vt 0.763120 0.167256
vt 0.763120 0.139406
vt 0.763120 0.111556
vt 0.763120 0.083707
vt 0.763120 0.055857
vt 0.763120 0.028007
vt 0.763120 0.000158
vt 0.763120 0.334353
vt 0.763120 0.306504
vt 0.763120 0.278654
vt 0.763120 0.250805
vt 0.763120 0.222955
vt 0.763120 0.195105
vt 0.756158 0.167256
vt 0.756158 0.139406
vt 0.756158 0.111556
vt 0.756158 0.083707
vt 0.756158 0.055857
vt 0.756158 0.028007
vt 0.756158 0.000158
vt 0.756158 0.334353
vt 0.756158 0.306504
vt 0.756158 0.278654
vt 0.756158 0.250805
vt 0.756158 0.222955
vt 0.756158 0.195105
vt 0.749195 0.167256
vt 0.749195 0.139406
vt 0.749195 0.111556
vt 0.749195 0.083707
vt 0.749195 0.055857
vt 0.749195 0.028007
vt 0.749195 0.000158
vt 0.749195 0.334353
vt 0.749195 0.306504
vt 0.749195 0.278654
vt 0.749195 0.250805
vt 0.749195 0.222955
vt 0.749195 0.195105
vt 0.742233 0.167256
vt 0.742233 0.139406
vt 0.742233 0.111556
vt 0.742233 0.083707
vt 0.742233 0.055857
vt 0.742233 0.028007
vt 0.742233 0.000158
vt 0.742233 0.334353
vt 0.742233 0.306504
vt 0.742233 0.278654
vt 0.742233 0.250805
vt 0.742233 0.222955
vt 0.742233 0.195105
vt 0.735270 0.167256
vt 0.735270 0.139406
vt 0.735270 0.111556
vt 0.735270 0.083707
vt 0.735270 0.055857
vt 0.735270 0.028007
vt 0.735270 0.000158
vt 0.735270 0.334353
vt 0.735270 0.306504
vt 0.735270 0.278654
vt 0.735270 0.250805
vt 0.735270 0.222955
vt 0.735270 0.195105
vt 0.728308 0.167256
vt 0.728308 0.139406
vt 0.728308 0.111556
vt 0.728308 0.083707
vt 0.728308 0.055857
vt 0.728308 0.028007
vt 0.728308 0.000158
vt 0.728308 0.334353
vt 0.728308 0.306504
vt 0.728308 0.278654
vt 0.728308 0.250805
vt 0.728308 0.222955
vt 0.728308 0.195105
vt 0.721346 0.167256
vt 0.721345 0.139406
vt 0.721345 0.111556
vt 0.721345 0.083707
vt 0.721345 0.055857
vt 0.721345 0.028007
vt 0.721345 0.000158
vt 0.721346 0.334353
vt 0.721346 0.306504
vt 0.721346 0.278654
vt 0.721346 0.250805
vt 0.721346 0.222955
vt 0.721346 0.195105
vt 0.714383 0.167256
vt 0.714383 0.139406
vt 0.714383 0.111556
vt 0.714383 0.083707
vt 0.714383 0.055857
vt 0.714383 0.028007
vt 0.714383 0.000158
vt 0.714383 0.334353
vt 0.714383 0.306504
vt 0.714383 0.278654
vt 0.714383 0.250805
vt 0.714383 0.222955
vt 0.714383 0.195105
vt 0.707421 0.167256
vt 0.707421 0.139406
vt 0.707421 0.111556
vt 0.707421 0.083707
vt 0.707421 0.055857
vt 0.707421 0.028007
vt 0.707421 0.000158
vt 0.707421 0.334353
vt 0.707421 0.306504
vt 0.707421 0.278654
vt 0.707421 0.250805
vt 0.707421 0.222955
vt 0.707421 0.195105
vt 0.700458 0.167256
vt 0.700458 0.139406
vt 0.700458 0.111556
vt 0.700458 0.083707
vt 0.700458 0.055857
vt 0.700458 0.028007
vt 0.700458 0.000158
vt 0.700458 0.334353
vt 0.700458 0.306504
vt 0.700458 0.278654
vt 0.700458 0.250805
vt 0.700458 0.222955
vt 0.700458 0.195105
vt 0.693496 0.167256
vt 0.693496 0.139406
vt 0.693496 0.111556
vt 0.693496 0.083707
vt 0.693496 0.055857
vt 0.693496 0.028007
vt 0.693496 0.000158
vt 0.693496 0.334353
vt 0.693496 0.306504
vt 0.693496 0.278654
vt 0.693496 0.250805
vt 0.693496 0.222955
vt 0.693496 0.195105
vt 0.686533 0.167256
vt 0.686533 0.139406
vt 0.686533 0.111556
vt 0.686533 0.083707
vt 0.686533 0.055857
vt 0.686533 0.028007
vt 0.686533 0.000158
vt 0.686533 0.334353
vt 0.686533 0.306504
vt 0.686533 0.278654
vt 0.686533 0.250805
vt 0.686533 0.222955
vt 0.686533 0.195105
vt 0.679571 0.167256
vt 0.679571 0.139406
vt 0.679571 0.111556
vt 0.679571 0.083707
vt 0.679571 0.055857
vt 0.679571 0.028007
vt 0.679571 0.000158
vt 0.679571 0.334353
vt 0.679571 0.306504
vt 0.679571 0.278654
vt 0.679571 0.250805
vt 0.679571 0.222955
vt 0.679571 0.195105
vt 0.672609 0.167256
vt 0.672609 0.139406
vt 0.672609 0.111556
vt 0.672609 0.083707
vt 0.672609 0.055857
vt 0.672609 0.028007
vt 0.672609 0.000158
vt 0.672609 0.334353
vt 0.672609 0.306504
vt 0.672609 0.278654
vt 0.672609 0.250805
vt 0.672609 0.222955
vt 0.672609 0.195105
vt 0.665646 0.167256
vt 0.665646 0.139406
vt 0.665646 0.111556
vt 0.665646 0.083707
vt 0.665646 0.055857
vt 0.665646 0.028007
vt 0.665646 0.000158
vt 0.665646 0.334353
vt 0.665646 0.306504
vt 0.665646 0.278654
vt 0.665646 0.250805
vt 0.665646 0.222955
vt 0.665646 0.195105
vt 0.999842 0.167256
vt 0.992879 0.167256
vt 0.992879 0.139406
vt 0.999842 0.139406
vt 0.992879 0.111556
vt 0.999842 0.111556
vt 0.992879 0.083707
vt 0.999842 0.083707
vt 0.992879 0.055857
vt 0.999842 0.055857
vt 0.992879 0.028007
vt 0.999842 0.028007
vt 0.992879 0.000158
vt 0.999842 0.000158
vt 0.999842 0.334353
vt 0.992879 0.334353
vt 0.992879 0.306504
vt 0.999842 0.306504
vt 0.992879 0.278654
vt 0.999842 0.278654
vt 0.992879 0.250805
vt 0.999842 0.250805
vt 0.992879 0.222955
vt 0.999842 0.222955
vt 0.992879 0.195105
vt 0.999842 0.195105
vt 0.985917 0.167256
vt 0.985917 0.139406
vt 0.985917 0.111556
vt 0.985917 0.083707
vt 0.985917 0.055857
vt 0.985917 0.028007
vt 0.985917 0.000158
vt 0.985917 0.334353
vt 0.985917 0.306504
vt 0.985917 0.278654
vt 0.985917 0.250805
vt 0.985917 0.222955
vt 0.985917 0.195105
vt 0.978955 0.167256
vt 0.978955 0.139406
vt 0.978955 0.111556
vt 0.978955 0.083707
vt 0.978955 0.055857
vt 0.978955 0.028007
vt 0.978955 0.000158
vt 0.978955 0.334353
vt 0.978955 0.306504
vt 0.978955 0.278654
vt 0.978955 0.250805
vt 0.978955 0.222955
vt 0.978955 0.195105
vt 0.971992 0.167256
vt 0.971992 0.139406
vt 0.971992 0.111556
vt 0.971992 0.083707
vt 0.971992 0.055857
vt 0.971992 0.028007
vt 0.971992 0.000158
vt 0.971992 0.334353
vt 0.971992 0.306504
vt 0.971992 0.278654
vt 0.971992 0.250805
vt 0.971992 0.222955
vt 0.971992 0.195105
vt 0.965030 0.167256
vt 0.965030 0.139406
vt 0.965030 0.111556
vt 0.965030 0.083707
vt 0.965030 0.055857
vt 0.965030 0.028007
vt 0.965030 0.000158
vt 0.965030 0.334353
vt 0.965030 0.306504
vt 0.965030 0.278654
vt 0.965030 0.250805
vt 0.965030 0.222955
vt 0.965030 0.195105
vt 0.958067 0.167256
vt 0.958067 0.139406
vt 0.958067 0.111556
vt 0.958067 0.083707
vt 0.958067 0.055857
vt 0.958067 0.028007
vt 0.958067 0.000158
vt 0.958067 0.334353
vt 0.958067 0.306504
vt 0.958067 0.278654
vt 0.958067 0.250805
vt 0.958067 0.222955
vt 0.958067 0.195105
vt 0.951105 0.167256
vt 0.951105 0.139406
vt 0.951105 0.111556
vt 0.951105 0.083707
vt 0.951105 0.055857
vt 0.951105 0.028007
vt 0.951105 0.000158
vt 0.951105 0.334353
vt 0.951105 0.306504
vt 0.951105 0.278654
vt 0.951105 0.250805
vt 0.951105 0.222955
vt 0.951105 0.195105
vt 0.944143 0.167256
vt 0.944143 0.139406
vt 0.944143 0.111556
vt 0.944143 0.083707
vt 0.944143 0.055857
vt 0.944143 0.028007
vt 0.944143 0.000158
vt 0.944143 0.334353
vt 0.944143 0.306504
vt 0.944143 0.278654
vt 0.944143 0.250805
vt 0.944143 0.222955
vt 0.944143 0.195105
vt 0.937180 0.167256
vt 0.937180 0.139406
vt 0.937180 0.111556
vt 0.937180 0.083707
vt 0.937180 0.055857
vt 0.937180 0.028007
vt 0.937180 0.000158
vt 0.937180 0.334353
vt 0.937180 0.306504
vt 0.937180 0.278654
vt 0.937180 0.250805
vt 0.937180 0.222955
vt 0.937180 0.195105
vt 0.930218 0.167256
vt 0.930218 0.139406
vt 0.930218 0.111556
vt 0.930218 0.083707
vt 0.930218 0.055857
vt 0.930218 0.028007
vt 0.930218 0.000158
vt 0.930218 0.334353
vt 0.930218 0.306504
vt 0.930218 0.278654
vt 0.930218 0.250805
vt 0.930218 0.222955
vt 0.930218 0.195105
vt 0.923255 0.167256
vt 0.923255 0.139406
vt 0.923255 0.111556
vt 0.923255 0.083707
vt 0.923255 0.055857
vt 0.923255 0.028007
vt 0.923255 0.000158
vt 0.923255 0.334353
vt 0.923255 0.306504
vt 0.923255 0.278654
vt 0.923255 0.250805
vt 0.923255 0.222955
vt 0.923255 0.195105
vt 0.916293 0.167256
vt 0.916293 0.139406
vt 0.916293 0.111556
vt 0.916293 0.083707
vt 0.916293 0.055857
vt 0.916293 0.028007
vt 0.916293 0.000158
vt 0.916293 0.334353
vt 0.916293 0.306504
vt 0.916293 0.278654
vt 0.916293 0.250805
vt 0.916293 0.222955
vt 0.916293 0.195105
vt 0.909331 0.167256
vt 0.909331 0.139406
vt 0.909331 0.111556
vt 0.909331 0.083707
vt 0.909331 0.055857
vt 0.909331 0.028007
vt 0.909331 0.000158
vt 0.909331 0.334353
vt 0.909331 0.306504
vt 0.909331 0.278654
vt 0.909331 0.250805
vt 0.909331 0.222955
vt 0.909331 0.195105
vt 0.902368 0.167256
vt 0.902368 0.139406
vt 0.902368 0.111556
vt 0.902368 0.083707
vt 0.902368 0.055857
vt 0.902368 0.028007
vt 0.902368 0.000158
vt 0.902368 0.334353
vt 0.902368 0.306504
vt 0.902368 0.278654
vt 0.902368 0.250805
vt 0.902368 0.222955
vt 0.902368 0.195105
vt 0.895406 0.167256
vt 0.895406 0.139406
vt 0.895406 0.111556
vt 0.895406 0.083707
vt 0.895406 0.055857
vt 0.895406 0.028007
vt 0.895406 0.000158
vt 0.895406 0.334353
vt 0.895406 0.306504
vt 0.895406 0.278654
vt 0.895406 0.250805
vt 0.895406 0.222955
vt 0.895406 0.195105
vt 0.888443 0.167256
vt 0.888443 0.139406
vt 0.888443 0.111556
vt 0.888443 0.083707
vt 0.888443 0.055857
vt 0.888443 0.028007
vt 0.888443 0.000158
vt 0.888443 0.334353
vt 0.888443 0.306504
vt 0.888443 0.278654
vt 0.888443 0.250805
vt 0.888443 0.222955
vt 0.888443 0.195105
vt 0.881481 0.167256
vt 0.881481 0.139406
vt 0.881481 0.111556
vt 0.881481 0.083707
vt 0.881481 0.055857
vt 0.881481 0.028007
vt 0.881481 0.000158
vt 0.881481 0.334353
vt 0.881481 0.306504
vt 0.881481 0.278654
vt 0.881481 0.250805
vt 0.881481 0.222955
vt 0.881481 0.195105
vt 0.874519 0.167256
vt 0.874519 0.139406
vt 0.874519 0.111556
vt 0.874519 0.083707
vt 0.874519 0.055857
vt 0.874519 0.028007
vt 0.874519 0.000158
vt 0.874519 0.334353
vt 0.874519 0.306504
vt 0.874519 0.278654
vt 0.874519 0.250805
vt 0.874519 0.222955
vt 0.874519 0.195105
vt 0.867556 0.167256
vt 0.867556 0.139406
vt 0.867556 0.111556
vt 0.867556 0.083707
vt 0.867556 0.055857
vt 0.867556 0.028007
vt 0.867556 0.000158
vt 0.867556 0.334353
vt 0.867556 0.306504
vt 0.867556 0.278654
vt 0.867556 0.250805
vt 0.867556 0.222955
vt 0.867556 0.195105
vt 0.860594 0.167256
vt 0.860594 0.139406
vt 0.860594 0.111556
vt 0.860594 0.083707
vt 0.860594 0.055857
vt 0.860594 0.028007
vt 0.860594 0.000158
vt 0.860594 0.334353
vt 0.860594 0.306504
vt 0.860594 0.278654
vt 0.860594 0.250805
vt 0.860594 0.222955
vt 0.860594 0.195105
vt 0.853631 0.167256
vt 0.853631 0.139406
vt 0.853631 0.111556
vt 0.853631 0.083707
vt 0.853631 0.055857
vt 0.853631 0.028007
vt 0.853631 0.000158
vt 0.853631 0.334353
vt 0.853631 0.306504
vt 0.853631 0.278654
vt 0.853631 0.250805
vt 0.853631 0.222955
vt 0.853631 0.195105
vt 0.846669 0.167256
vt 0.846669 0.139406
vt 0.846669 0.111556
vt 0.846669 0.083707
vt 0.846669 0.055857
vt 0.846669 0.028007
vt 0.846669 0.000158
vt 0.846669 0.334353
vt 0.846669 0.306504
vt 0.846669 0.278654
vt 0.846669 0.250805
vt 0.846669 0.222955
vt 0.846669 0.195105
vt 0.839706 0.167256
vt 0.839706 0.139406
vt 0.839706 0.111556
vt 0.839706 0.083707
vt 0.839706 0.055857
vt 0.839706 0.028007
vt 0.839706 0.000158
vt 0.839706 0.334353
vt 0.839706 0.306504
vt 0.839706 0.278654
vt 0.839706 0.250805
vt 0.839706 0.222955
vt 0.839706 0.195105
s 1
usemtl Material.003
f 1/1/1 2/2/2 4/3/3 3/4/4 545/5/5 289/6/5 801/7/6 161/8/6 673/9/6 417/10/6 929/11/5 97/12/7 609/13/6 353/14/6 865/15/6 225/16/6 737/17/8 481/18/6 993/19/5 65/20/6 577/21/6 321/22/6 833/23/8 193/24/8 705/25/5 449/26/6 961/27/6 129/28/6 641/29/8 385/30/7 897/31/6 257/32/6 769/33/6 513/34/7 1025/35/8
f 3/4/4 4/3/3 6/36/9 5/37/10 546/38/11 290/39/12 802/40/11 162/41/13 674/42/14 418/43/12 930/44/13 98/45/11 610/46/11 354/47/13 866/48/11 226/49/14 738/50/12 482/51/14 994/52/11 66/53/12 578/54/11 322/55/12 834/56/14 194/57/12 706/58/13 450/59/14 962/60/12 130/61/13 642/62/13 386/63/14 898/64/11 258/65/13 770/66/14 514/67/12 1026/68/14
f 5/37/10 6/36/9 8/69/15 7/70/16 547/71/17 291/72/17 803/73/17 163/74/17 675/75/17 419/76/17 931/77/17 99/78/17 611/79/18 355/80/17 867/81/17 227/82/17 739/83/17 483/84/17 995/85/19 67/86/17 579/87/17 323/88/17 835/89/17 195/90/17 707/91/19 451/92/17 963/93/17 131/94/17 643/95/17 387/96/17 899/97/19 259/98/17 771/99/17 515/100/20 1027/101/17
f 7/70/16 8/69/15 10/102/21 9/103/22 548/104/23 292/105/24 804/106/24 164/107/25 676/108/23 420/109/24 932/110/23 100/111/25 612/112/23 356/113/24 868/114/25 228/115/23 740/116/24 484/117/24 996/118/24 68/119/24 580/120/23 324/121/23 836/122/24 196/123/23 708/124/23 452/125/24 964/126/24 132/127/24 644/128/24 388/129/23 900/130/24 260/131/25 772/132/23 516/133/23 1028/134/24
f 9/103/22 10/102/21 12/135/26 11/136/27 549/137/28 293/138/29 805/139/30 165/140/28 677/141/28 421/142/29 933/143/28 101/144/30 613/145/28 357/146/28 869/147/29 229/148/28 741/149/28 485/150/28 997/151/29 69/152/30 581/153/28 325/154/28 837/155/28 197/156/29 709/157/28 453/158/28 965/159/30 133/160/28 645/161/28 389/162/28 901/163/28 261/164/28 773/165/28 517/166/29 1029/167/30
f 11/136/27 12/135/26 14/168/31 13/169/32 550/170/33 294/171/33 806/172/33 166/173/33 678/174/34 422/175/33 934/176/33 102/177/33 614/178/33 358/179/33 870/180/34 230/181/33 742/182/35 486/183/34 998/184/33 70/185/33 582/186/33 326/187/33 838/188/33 198/189/33 710/190/33 454/191/34 966/192/33 134/193/33 646/194/33 390/195/33 902/196/33 262/197/33 774/198/33 518/199/33 1030/200/33
f 13/169/32 14/168/31 16/201/36 15/202/37 551/203/38 295/204/39 807/205/39 167/206/39 679/207/38 423/208/38 935/209/39 103/210/38 615/211/39 359/212/38 871/213/39 231/214/38 743/215/39 487/216/38 999/217/38 71/218/39 583/219/38 327/220/38 839/221/39 199/222/38 711/223/38 455/224/38 967/225/40 135/226/38 647/227/41 391/228/38 903/229/38 263/230/39 775/231/39 519/232/38 1031/233/38
f 15/202/37 16/201/36 18/234/42 17/235/43 552/236/44 296/237/44 808/238/45 168/239/44 680/240/45 424/241/44 936/242/45 104/243/44 616/244/44 360/245/45 872/246/45 232/247/45 744/248/44 488/249/44 1000/250/45 72/251/44 584/252/45 328/253/46 840/254/44 200/255/45 712/256/44 456/257/45 968/258/44 136/259/45 648/260/44 392/261/44 904/262/45 264/263/44 776/264/45 520/265/45 1032/266/44
f 17/235/43 18/234/42 20/267/47 19/268/48 553/269/49 297/270/49 809/271/49 169/272/49 681/273/49 425/274/49 937/275/49 105/276/49 617/277/49 361/278/49 873/279/49 233/280/49 745/281/49 489/282/49 1001/283/49 73/284/49 585/285/49 329/286/49 841/287/49 201/288/49 713/289/49 457/290/49 969/291/49 137/292/49 649/293/49 393/294/49 905/295/49 265/296/49 777/297/49 521/298/49 1033/299/49
f 19/268/48 20/267/47 22/300/50 21/301/51 554/302/52 298/303/53 810/304/54 170/305/55 682/306/53 426/307/54 938/308/55 106/309/53 618/310/53 362/311/54 874/312/55 234/313/52 746/314/54 490/315/55 1002/316/52 74/317/54 586/318/55 330/319/53 842/320/54 202/321/55 714/322/53 458/323/54 970/324/55 138/325/53 650/326/54 394/327/53 906/328/54 266/329/54 778/330/54 522/331/55 1034/332/52
f 21/301/51 22/300/50 24/333/56 23/334/57 555/335/58 299/336/58 811/337/58 171/338/59 683/339/58 427/340/60 939/341/59 107/342/58 619/343/58 363/344/58 875/345/59 235/346/60 747/347/58 491/348/59 1003/349/59 75/350/58 587/351/60 331/352/58 843/353/59 203/354/58 715/355/58 459/356/59 971/357/58 139/358/58 651/359/60 395/360/61 907/361/59 267/362/58 779/363/58 523/364/59 1035/365/59
f 23/334/57 24/333/56 26/366/62 25/367/63 556/368/64 300/369/65 812/370/65 172/371/64 684/372/65 428/373/65 940/374/65 108/375/65 620/376/64 364/377/64 876/378/65 236/379/65 748/380/64 492/381/65 1004/382/65 76/383/65 588/384/65 332/385/65 844/386/65 204/387/65 716/388/65 460/389/65 972/390/65 140/391/65 652/392/64 396/393/65 908/394/64 268/395/64 780/396/65 524/397/64 1036/398/64
f 25/367/63 26/366/62 28/399/66 27/400/67 557/401/68 301/402/68 813/403/69 173/404/70 685/405/68 429/406/71 941/407/69 109/408/68 621/409/71 365/410/69 877/411/69 237/412/68 749/413/68 493/414/69 1005/415/72 77/416/68 589/417/70 333/418/68 845/419/68 205/420/70 717/421/68 461/422/72 973/423/68 141/424/70 653/425/68 397/426/68 909/427/68 269/428/71 781/429/71 525/430/69 1037/431/68
f 27/400/67 28/399/66 30/432/73 29/433/74 558/434/75 302/435/75 814/436/75 174/437/75 686/438/75 430/439/75 942/440/76 110/441/75 622/442/76 366/443/75 878/444/75 238/445/75 750/446/75 494/447/76 1006/448/75 78/449/75 590/450/75 334/451/76 846/452/76 206/453/75 718/454/76 462/455/76 974/456/76 142/457/75 654/458/75 398/459/75 910/460/75 270/461/76 782/462/75 526/463/75 1038/464/75
f 29/433/74 30/432/73 32/465/77 31/466/78 559/467/79 303/468/79 815/469/79 175/470/79 687/471/79 431/472/80 943/473/80 111/474/79 623/475/79 367/476/79 879/477/81 239/478/79 751/479/80 495/480/79 1007/481/79 79/482/80 591/483/79 335/484/80 847/485/80 207/486/79 719/487/80 463/488/80 975/489/79 143/490/80 655/491/79 399/492/81 911/493/79 271/494/79 783/495/79 527/496/79 1039/497/81
f 31/466/78 32/465/77 34/498/82 33/499/83 560/500/84 304/501/85 816/502/85 176/503/84 688/504/85 432/505/85 944/506/85 112/507/85 624/508/85 368/509/85 880/510/84 240/511/85 752/512/85 496/513/84 1008/514/84 80/515/85 592/516/85 336/517/85 848/518/85 208/519/85 720/520/85 464/521/85 976/522/85 144/523/85 656/524/84 400/525/85 912/526/85 272/527/85 784/528/85 528/529/85 1040/530/86
f 33/499/83 34/498/82 36/531/87 35/532/88 561/533/89 305/534/90 817/535/90 177/536/90 689/537/90 433/538/90 945/539/91 113/540/89 625/541/90 369/542/90 881/543/90 241/544/90 753/545/90 497/546/90 1009/547/89 81/548/90 593/549/90 337/550/90 849/551/91 209/552/90 721/553/90 465/554/90 977/555/90 145/556/90 657/557/90 401/558/90 913/559/90 273/560/90 785/561/90 529/562/90 1041/563/90
f 35/532/88 36/531/87 38/564/92 37/565/93 562/566/94 306/567/95 818/568/94 178/569/95 690/570/94 434/571/94 946/572/94 114/573/94 626/574/95 370/575/94 882/576/95 242/577/94 754/578/95 498/579/94 1010/580/94 82/581/95 594/582/94 338/583/94 850/584/94 210/585/95 722/586/94 466/587/94 978/588/95 146/589/94 658/590/95 402/591/94 914/592/95 274/593/94 786/594/94 530/595/94 1042/596/94
f 37/565/93 38/564/92 40/597/96 39/598/97 563/599/98 307/600/99 819/601/100 179/602/101 691/603/99 435/604/100 947/605/101 115/606/100 627/607/98 371/608/99 883/609/99 243/610/100 755/611/101 499/612/98 1011/613/98 83/614/99 595/615/98 339/616/99 851/617/101 211/618/98 723/619/98 467/620/99 979/621/98 147/622/99 659/623/101 403/624/98 915/625/99 275/626/98 787/627/99 531/628/99 1043/629/101
f 39/598/97 40/597/96 42/630/102 41/631/103 564/632/104 308/633/105 820/634/106 180/635/104 692/636/105 436/637/105 948/638/105 116/639/107 628/640/107 372/641/105 884/642/106 244/643/104 756/644/105 500/645/106 1012/646/106 84/647/105 596/648/107 340/649/107 852/650/107 212/651/104 724/652/107 468/653/107 980/654/106 148/655/104 660/656/105 404/657/107 916/658/106 276/659/105 788/660/107 532/661/104 1044/662/106
f 41/631/103 42/630/102 44/663/108 43/664/109 565/665/110 309/666/111 821/667/111 181/668/110 693/669/110 437/670/110 949/671/110 117/672/111 629/673/111 373/674/110 885/675/110 245/676/110 757/677/110 501/678/111 1013/679/110 85/680/110 597/681/110 341/682/110 853/683/110 213/684/111 725/685/110 469/686/110 981/687/110 149/688/110 661/689/111 405/690/111 917/691/110 277/692/110 789/693/110 533/694/110 1045/695/110
f 43/664/109 44/663/108 46/696/112 45/697/113 566/698/114 310/699/115 822/700/114 182/701/116 694/702/114 438/703/115 950/704/114 118/705/116 630/706/116 374/707/116 886/708/117 246/709/114 758/710/117 502/711/114 1014/712/114 86/713/116 598/714/115 342/715/114 854/716/115 214/717/114 726/718/116 470/719/114 982/720/115 150/721/114 662/722/116 406/723/114 918/724/114 278/725/116 790/726/116 534/727/116 1046/728/115
f 45/697/113 46/696/112 48/729/118 47/730/119 567/731/120 311/732/120 823/733/121 183/734/120 695/735/122 439/736/121 951/737/120 119/738/120 631/739/121 375/740/122 887/741/120 247/742/120 759/743/122 503/744/120 1015/745/121 87/746/120 599/747/120 343/748/121 855/749/120 215/750/121 727/751/120 471/752/121 983/753/121 151/754/120 663/755/122 407/756/120 919/757/120 279/758/120 791/759/121 535/760/120 1047/761/121
f 47/730/119 48/729/118 50/762/123 49/763/124 568/764/125 312/765/125 824/766/125 184/767/125 696/768/125 440/769/125 952/770/126 120/771/125 632/772/127 376/773/125 888/774/125 248/775/126 760/776/126 504/777/125 1016/778/126 88/779/126 600/780/126 344/781/125 856/782/125 216/783/125 728/784/125 472/785/125 984/786/125 152/787/125 664/788/125 408/789/125 920/790/125 280/791/125 792/792/126 536/793/125 1048/794/125
f 49/763/124 50/762/123 52/795/128 51/796/129 569/797/130 313/798/130 825/799/130 185/800/131 697/801/130 441/802/130 953/803/130 121/804/130 633/805/130 377/806/130 889/807/132 249/808/130 761/809/132 505/810/130 1017/811/130 89/812/130 601/813/132 345/814/130 857/815/131 217/816/131 729/817/132 473/818/131 985/819/131 153/820/130 665/821/131 409/822/132 921/823/132 281/824/130 793/825/132 537/826/130 1049/827/130
f 51/796/129 52/795/128 54/828/133 53/829/134 570/830/135 314/831/136 826/832/136 186/833/135 698/834/136 442/835/135 954/836/135 122/837/136 634/838/135 378/839/136 890/840/135 250/841/136 762/842/136 506/843/135 1018/844/136 90/845/136 602/846/135 346/847/136 858/848/135 218/849/135 730/850/136 474/851/135 986/852/135 154/853/136 666/854/135 410/855/136 922/856/135 282/857/136 794/858/136 538/859/135 1050/860/136
f 53/829/134 54/828/133 56/861/137 55/862/138 571/863/139 315/864/139 827/865/140 187/866/139 699/867/139 443/868/139 955/869/140 123/870/140 635/871/139 379/872/139 891/873/140 251/874/139 763/875/139 507/876/139 1019/877/140 91/878/139 603/879/139 347/880/139 859/881/140 219/882/139 731/883/140 475/884/139 987/885/140 155/886/140 667/887/140 411/888/139 923/889/140 283/890/139 795/891/140 539/892/139 1051/893/140
f 55/862/138 56/861/137 58/894/141 57/895/142 572/896/143 316/897/144 828/898/144 188/899/143 700/900/144 444/901/144 956/902/143 124/903/144 636/904/143 380/905/144 892/906/144 252/907/143 764/908/145 508/909/143 1020/910/144 92/911/146 604/912/143 348/913/144 860/914/143 220/915/144 732/916/144 476/917/143 988/918/144 156/919/144 668/920/143 412/921/144 924/922/144 284/923/144 796/924/146 540/925/143 1052/926/144
f 57/895/142 58/894/141 60/927/147 59/928/148 573/929/149 317/930/149 829/931/149 189/932/149 701/933/150 445/934/149 957/935/149 125/936/149 637/937/149 381/938/149 893/939/149 253/940/149 765/941/149 509/942/149 1021/943/149 93/944/149 605/945/149 349/946/151 861/947/149 221/948/149 733/949/149 477/950/149 989/951/149 157/952/149 669/953/149 413/954/149 925/955/149 285/956/149 797/957/149 541/958/149 1053/959/149
f 59/928/148 60/927/147 62/960/152 61/961/153 574/962/154 318/963/154 830/964/154 190/965/154 702/966/154 446/967/154 958/968/154 126/969/154 638/970/154 382/971/154 894/972/154 254/973/154 766/974/154 510/975/154 1022/976/154 94/977/154 606/978/154 350/979/154 862/980/154 222/981/154 734/982/154 478/983/154 990/984/154 158/985/154 670/986/154 414/987/154 926/988/154 286/989/154 798/990/154 542/991/154 1054/992/154
f 4/993/3 2/994/2 64/995/155 62/996/152 60/997/147 58/998/141 56/999/137 54/1000/133 52/1001/128 50/1002/123 48/1003/118 46/1004/112 44/1005/108 42/1006/102 40/1007/96 38/1008/92 36/1009/87 34/1010/82 32/1011/77 30/1012/73 28/1013/66 26/1014/62 24/1015/56 22/1016/50 20/1017/47 18/1018/42 16/1019/36 14/1020/31 12/1021/26 10/1022/21 8/1023/15 6/1024/9
f 61/961/153 62/960/152 64/1025/155 63/1026/156 575/1027/157 319/1028/157 831/1029/157 191/1030/158 703/1031/158 447/1032/157 959/1033/157 127/1034/157 639/1035/157 383/1036/157 895/1037/157 255/1038/157 767/1039/157 511/1040/157 1023/1041/158 95/1042/157 607/1043/157 351/1044/157 863/1045/157 223/1046/157 735/1047/157 479/1048/157 991/1049/157 159/1050/157 671/1051/157 415/1052/157 927/1053/157 287/1054/157 799/1055/157 543/1056/157 1055/1057/157
f 63/1026/156 64/1025/155 2/1058/2 1/1059/1 576/1060/159 320/1061/159 832/1062/160 192/1063/159 704/1064/160 448/1065/159 960/1066/159 128/1067/161 640/1068/161 384/1069/159 896/1070/159 256/1071/160 768/1072/159 512/1073/161 1024/1074/159 96/1075/161 608/1076/159 352/1077/159 864/1078/159 224/1079/159 736/1080/161 480/1081/161 992/1082/159 160/1083/161 672/1084/159 416/1085/159 928/1086/159 288/1087/160 800/1088/159 544/1089/159 1056/1090/159
f 1/1091/1 1025/1092/8 513/1093/7 769/1094/6 257/1095/6 897/1096/6 385/1097/7 641/1098/8 129/1099/6 961/1100/6 449/1101/6 705/1102/5 193/1103/8 833/1104/8 321/1105/6 577/1106/6 65/1107/6 993/1108/5 481/1109/6 737/1110/8 225/1111/6 865/1112/6 353/1113/6 609/1114/6 97/1115/7 929/1116/5 417/1117/6 673/1118/6 161/1119/6 801/1120/6 289/1121/5 545/1122/5 3/1123/4 1026/1124/14 514/1125/12 770/1126/14 258/1127/13 898/1128/11 386/1129/14 642/1130/13 130/1131/13 962/1132/12 450/1133/14 706/1134/13 194/1135/12 834/1136/14 322/1137/12 578/1138/11 66/1139/12 994/1140/11 482/1141/14 738/1142/12 226/1143/14 866/1144/11 354/1145/13 610/1146/11 98/1147/11 930/1148/13 418/1149/12 674/1150/14 162/1151/13 802/1152/11 290/1153/12 546/1154/11 5/1155/10 1027/1156/17 515/1157/20 771/1158/17 259/1159/17 899/1160/19 387/1161/17 643/1162/17 131/1163/17 963/1164/17 451/1165/17 707/1166/19 195/1167/17 835/1168/17 323/1169/17 579/1170/17 67/1171/17 995/1172/19 483/1173/17 739/1174/17 227/1175/17 867/1176/17 355/1177/17 611/1178/18 99/1179/17 931/1180/17 419/1181/17 675/1182/17 163/1183/17 803/1184/17 291/1185/17 547/1186/17 7/1187/16 1028/1188/24 516/1189/23 772/1190/23 260/1191/25 900/1192/24 388/1193/23 644/1194/24 132/1195/24 964/1196/24 452/1197/24 708/1198/23 196/1199/23 836/1200/24 324/1201/23 580/1202/23 68/1203/24 996/1204/24 484/1205/24 740/1206/24 228/1207/23 868/1208/25 356/1209/24 612/1210/23 100/1211/25 932/1212/23 420/1213/24 676/1214/23 164/1215/25 804/1216/24 292/1217/24 548/1218/23 9/1219/22 1029/1220/30 517/1221/29 773/1222/28 261/1223/28 901/1224/28 389/1225/28 645/1226/28 133/1227/28 965/1228/30 453/1229/28 709/1230/28 197/1231/29 837/1232/28 325/1233/28 581/1234/28 69/1235/30 997/1236/29 485/1237/28 741/1238/28 229/1239/28 869/1240/29 357/1241/28 613/1242/28 101/1243/30 933/1244/28 421/1245/29 677/1246/28 165/1247/28 805/1248/30 293/1249/29 549/1250/28 11/1251/27 1030/1252/33 518/1253/33 774/1254/33 262/1255/33 902/1256/33 390/1257/33 646/1258/33 134/1259/33 966/1260/33 454/1261/34 710/1262/33 198/1263/33 838/1264/33 326/1265/33 582/1266/33 70/1267/33 998/1268/33 486/1269/34 742/1270/35 230/1271/33 870/1272/34 358/1273/33 614/1274/33 102/1275/33 934/1276/33 422/1277/33 678/1278/34 166/1279/33 806/1280/33 294/1281/33 550/1282/33 13/1283/32 1031/1284/38 519/1285/38 775/1286/39 263/1287/39 903/1288/38 391/1289/38 647/1290/41 135/1291/38 967/1292/40 455/1293/38 711/1294/38 199/1295/38 839/1296/39 327/1297/38 583/1298/38 71/1299/39 999/1300/38 487/1301/38 743/1302/39 231/1303/38 871/1304/39 359/1305/38 615/1306/39 103/1307/38 935/1308/39 423/1309/38 679/1310/38 167/1311/39 807/1312/39 295/1313/39 551/1314/38 15/1315/37 1032/1316/44 520/1317/45 776/1318/45 264/1319/44 904/1320/45 392/1321/44 648/1322/44 136/1323/45 968/1324/44 456/1325/45 712/1326/44 200/1327/45 840/1328/44 328/1329/46 584/1330/45 72/1331/44 1000/1332/45 488/1333/44 744/1334/44 232/1335/45 872/1336/45 360/1337/45 616/1338/44 104/1339/44 936/1340/45 424/1341/44 680/1342/45 168/1343/44 808/1344/45 296/1345/44 552/1346/44 17/1347/43 1033/1348/49 521/1349/49 777/1350/49 265/1351/49 905/1352/49 393/1353/49 649/1354/49 137/1355/49 969/1356/49 457/1357/49 713/1358/49 201/1359/49 841/1360/49 329/1361/49 585/1362/49 73/1363/49 1001/1364/49 489/1365/49 745/1366/49 233/1367/49 873/1368/49 361/1369/49 617/1370/49 105/1371/49 937/1372/49 425/1373/49 681/1374/49 169/1375/49 809/1376/49 297/1377/49 553/1378/49 19/1379/48 1034/1380/52 522/1381/55 778/1382/54 266/1383/54 906/1384/54 394/1385/53 650/1386/54 138/1387/53 970/1388/55 458/1389/54 714/1390/53 202/1391/55 842/1392/54 330/1393/53 586/1394/55 74/1395/54 1002/1396/52 490/1397/55 746/1398/54 234/1399/52 874/1400/55 362/1401/54 618/1402/53 106/1403/53 938/1404/55 426/1405/54 682/1406/53 170/1407/55 810/1408/54 298/1409/53 554/1410/52 21/1411/51 1035/1412/59 523/1413/59 779/1414/58 267/1415/58 907/1416/59 395/1417/61 651/1418/60 139/1419/58 971/1420/58 459/1421/59 715/1422/58 203/1423/58 843/1424/59 331/1425/58 587/1426/60 75/1427/58 1003/1428/59 491/1429/59 747/1430/58 235/1431/60 875/1432/59 363/1433/58 619/1434/58 107/1435/58 939/1436/59 427/1437/60 683/1438/58 171/1439/59 811/1440/58 299/1441/58 555/1442/58 23/1443/57 1036/1444/64 524/1445/64 780/1446/65 268/1447/64 908/1448/64 396/1449/65 652/1450/64 140/1451/65 972/1452/65 460/1453/65 716/1454/65 204/1455/65 844/1456/65 332/1457/65 588/1458/65 76/1459/65 1004/1460/65 492/1461/65 748/1462/64 236/1463/65 876/1464/65 364/1465/64 620/1466/64 108/1467/65 940/1468/65 428/1469/65 684/1470/65 172/1471/64 812/1472/65 300/1473/65 556/1474/64 25/1475/63 1037/1476/68 525/1477/69 781/1478/71 269/1479/71 909/1480/68 397/1481/68 653/1482/68 141/1483/70 973/1484/68 461/1485/72 717/1486/68 205/1487/70 845/1488/68 333/1489/68 589/1490/70 77/1491/68 1005/1492/72 493/1493/69 749/1494/68 237/1495/68 877/1496/69 365/1497/69 621/1498/71 109/1499/68 941/1500/69 429/1501/71 685/1502/68 173/1503/70 813/1504/69 301/1505/68 557/1506/68 27/1507/67 1038/1508/75 526/1509/75 782/1510/75 270/1511/76 910/1512/75 398/1513/75 654/1514/75 142/1515/75 974/1516/76 462/1517/76 718/1518/76 206/1519/75 846/1520/76 334/1521/76 590/1522/75 78/1523/75 1006/1524/75 494/1525/76 750/1526/75 238/1527/75 878/1528/75 366/1529/75 622/1530/76 110/1531/75 942/1532/76 430/1533/75 686/1534/75 174/1535/75 814/1536/75 302/1537/75 558/1538/75 29/1539/74 1039/1540/81 527/1541/79 783/1542/79 271/1543/79 911/1544/79 399/1545/81 655/1546/79 143/1547/80 975/1548/79 463/1549/80 719/1550/80 207/1551/79 847/1552/80 335/1553/80 591/1554/79 79/1555/80 1007/1556/79 495/1557/79 751/1558/80 239/1559/79 879/1560/81 367/1561/79 623/1562/79 111/1563/79 943/1564/80 431/1565/80 687/1566/79 175/1567/79 815/1568/79 303/1569/79 559/1570/79 31/1571/78 1040/1572/86 528/1573/85 784/1574/85 272/1575/85 912/1576/85 400/1577/85 656/1578/84 144/1579/85 976/1580/85 464/1581/85 720/1582/85 208/1583/85 848/1584/85 336/1585/85 592/1586/85 80/1587/85 1008/1588/84 496/1589/84 752/1590/85 240/1591/85 880/1592/84 368/1593/85 624/1594/85 112/1595/85 944/1596/85 432/1597/85 688/1598/85 176/1599/84 816/1600/85 304/1601/85 560/1602/84 33/1603/83 1041/1604/90 529/1605/90 785/1606/90 273/1607/90 913/1608/90 401/1609/90 657/1610/90 145/1611/90 977/1612/90 465/1613/90 721/1614/90 209/1615/90 849/1616/91 337/1617/90 593/1618/90 81/1619/90 1009/1620/89 497/1621/90 753/1622/90 241/1623/90 881/1624/90 369/1625/90 625/1626/90 113/1627/89 945/1628/91 433/1629/90 689/1630/90 177/1631/90 817/1632/90 305/1633/90 561/1634/89 35/1635/88 1042/1636/94 530/1637/94 786/1638/94 274/1639/94 914/1640/95 402/1641/94 658/1642/95 146/1643/94 978/1644/95 466/1645/94 722/1646/94 210/1647/95 850/1648/94 338/1649/94 594/1650/94 82/1651/95 1010/1652/94 498/1653/94 754/1654/95 242/1655/94 882/1656/95 370/1657/94 626/1658/95 114/1659/94 946/1660/94 434/1661/94 690/1662/94 178/1663/95 818/1664/94 306/1665/95 562/1666/94 37/1667/93 1043/1668/101 531/1669/99 787/1670/99 275/1671/98 915/1672/99 403/1673/98 659/1674/101 147/1675/99 979/1676/98 467/1677/99 723/1678/98 211/1679/98 851/1680/101 339/1681/99 595/1682/98 83/1683/99 1011/1684/98 499/1685/98 755/1686/101 243/1687/100 883/1688/99 371/1689/99 627/1690/98 115/1691/100 947/1692/101 435/1693/100 691/1694/99 179/1695/101 819/1696/100 307/1697/99 563/1698/98 39/1699/97 1044/1700/106 532/1701/104 788/1702/107 276/1703/105 916/1704/106 404/1705/107 660/1706/105 148/1707/104 980/1708/106 468/1709/107 724/1710/107 212/1711/104 852/1712/107 340/1713/107 596/1714/107 84/1715/105 1012/1716/106 500/1717/106 756/1718/105 244/1719/104 884/1720/106 372/1721/105 628/1722/107 116/1723/107 948/1724/105 436/1725/105 692/1726/105 180/1727/104 820/1728/106 308/1729/105 564/1730/104 41/1731/103 1045/1732/110 533/1733/110 789/1734/110 277/1735/110 917/1736/110 405/1737/111 661/1738/111 149/1739/110 981/1740/110 469/1741/110 725/1742/110 213/1743/111 853/1744/110 341/1745/110 597/1746/110 85/1747/110 1013/1748/110 501/1749/111 757/1750/110 245/1751/110 885/1752/110 373/1753/110 629/1754/111 117/1755/111 949/1756/110 437/1757/110 693/1758/110 181/1759/110 821/1760/111 309/1761/111 565/1762/110 43/1763/109 1046/1764/115 534/1765/116 790/1766/116 278/1767/116 918/1768/114 406/1769/114 662/1770/116 150/1771/114 982/1772/115 470/1773/114 726/1774/116 214/1775/114 854/1776/115 342/1777/114 598/1778/115 86/1779/116 1014/1780/114 502/1781/114 758/1782/117 246/1783/114 886/1784/117 374/1785/116 630/1786/116 118/1787/116 950/1788/114 438/1789/115 694/1790/114 182/1791/116 822/1792/114 310/1793/115 566/1794/114 45/1795/113 1047/1796/121 535/1797/120 791/1798/121 279/1799/120 919/1800/120 407/1801/120 663/1802/122 151/1803/120 983/1804/121 471/1805/121 727/1806/120 215/1807/121 855/1808/120 343/1809/121 599/1810/120 87/1811/120 1015/1812/121 503/1813/120 759/1814/122 247/1815/120 887/1816/120 375/1817/122 631/1818/121 119/1819/120 951/1820/120 439/1821/121 695/1822/122 183/1823/120 823/1824/121 311/1825/120 567/1826/120 47/1827/119 1048/1828/125 536/1829/125 792/1830/126 280/1831/125 920/1832/125 408/1833/125 664/1834/125 152/1835/125 984/1836/125 472/1837/125 728/1838/125 216/1839/125 856/1840/125 344/1841/125 600/1842/126 88/1843/126 1016/1844/126 504/1845/125 760/1846/126 248/1847/126 888/1848/125 376/1849/125 632/1850/127 120/1851/125 952/1852/126 440/1853/125 696/1854/125 184/1855/125 824/1856/125 312/1857/125 568/1858/125 49/1859/124 1049/1860/130 537/1861/130 793/1862/132 281/1863/130 921/1864/132 409/1865/132 665/1866/131 153/1867/130 985/1868/131 473/1869/131 729/1870/132 217/1871/131 857/1872/131 345/1873/130 601/1874/132 89/1875/130 1017/1876/130 505/1877/130 761/1878/132 249/1879/130 889/1880/132 377/1881/130 633/1882/130 121/1883/130 953/1884/130 441/1885/130 697/1886/130 185/1887/131 825/1888/130 313/1889/130 569/1890/130 51/1891/129 1050/1892/136 538/1893/135 794/1894/136 282/1895/136 922/1896/135 410/1897/136 666/1898/135 154/1899/136 986/1900/135 474/1901/135 730/1902/136 218/1903/135 858/1904/135 346/1905/136 602/1906/135 90/1907/136 1018/1908/136 506/1909/135 762/1910/136 250/1911/136 890/1912/135 378/1913/136 634/1914/135 122/1915/136 954/1916/135 442/1917/135 698/1918/136 186/1919/135 826/1920/136 314/1921/136 570/1922/135 53/1923/134 1051/1924/140 539/1925/139 795/1926/140 283/1927/139 923/1928/140 411/1929/139 667/1930/140 155/1931/140 987/1932/140 475/1933/139 731/1934/140 219/1935/139 859/1936/140 347/1937/139 603/1938/139 91/1939/139 1019/1940/140 507/1941/139 763/1942/139 251/1943/139 891/1944/140 379/1945/139 635/1946/139 123/1947/140 955/1948/140 443/1949/139 699/1950/139 187/1951/139 827/1952/140 315/1953/139 571/1954/139 55/1955/138 1052/1956/144 540/1957/143 796/1958/146 284/1959/144 924/1960/144 412/1961/144 668/1962/143 156/1963/144 988/1964/144 476/1965/143 732/1966/144 220/1967/144 860/1968/143 348/1969/144 604/1970/143 92/1971/146 1020/1972/144 508/1973/143 764/1974/145 252/1975/143 892/1976/144 380/1977/144 636/1978/143 124/1979/144 956/1980/143 444/1981/144 700/1982/144 188/1983/143 828/1984/144 316/1985/144 572/1986/143 57/1987/142 1053/1988/149 541/1989/149 797/1990/149 285/1991/149 925/1992/149 413/1993/149 669/1994/149 157/1995/149 989/1996/149 477/1997/149 733/1998/149 221/1999/149 861/2000/149 349/2001/151 605/2002/149 93/2003/149 1021/2004/149 509/2005/149 765/2006/149 253/2007/149 893/2008/149 381/2009/149 637/2010/149 125/2011/149 957/2012/149 445/2013/149 701/2014/150 189/2015/149 829/2016/149 317/2017/149 573/2018/149 59/2019/148 1054/2020/154 542/2021/154 798/2022/154 286/2023/154 926/2024/154 414/2025/154 670/2026/154 158/2027/154 990/2028/154 478/2029/154 734/2030/154 222/2031/154 862/2032/154 350/2033/154 606/2034/154 94/2035/154 1022/2036/154 510/2037/154 766/2038/154 254/2039/154 894/2040/154 382/2041/154 638/2042/154 126/2043/154 958/2044/154 446/2045/154 702/2046/154 190/2047/154 830/2048/154 318/2049/154 574/2050/154 61/2051/153 1055/2052/157 543/2053/157 799/2054/157 287/2055/157 927/2056/157 415/2057/157 671/2058/157 159/2059/157 991/2060/157 479/2061/157 735/2062/157 223/2063/157 863/2064/157 351/2065/157 607/2066/157 95/2067/157 1023/2068/158 511/2069/157 767/2070/157 255/2071/157 895/2072/157 383/2073/157 639/2074/157 127/2075/157 959/2076/157 447/2077/157 703/2078/158 191/2079/158 831/2080/157 319/2081/157 575/2082/157 63/2083/156 1056/2084/159 544/2085/159 800/2086/159 288/2087/160 928/2088/159 416/2089/159 672/2090/159 160/2091/161 992/2092/159 480/2093/161 736/2094/161 224/2095/159 864/2096/159 352/2097/159 608/2098/159 96/2099/161 1024/2100/159 512/2101/161 768/2102/159 256/2103/160 896/2104/159 384/2105/159 640/2106/161 128/2107/161 960/2108/159 448/2109/159 704/2110/160 192/2111/159 832/2112/160 320/2113/159 576/2114/159
f 1057/2115/162 1058/2116/163 1060/2117/164 1059/2118/165
f 1059/2118/165 1060/2117/164 1064/2119/166 1063/2120/167
f 1063/2120/167 1064/2119/166 1062/2121/168 1061/2122/169
f 1061/2122/169 1062/2121/168 1058/2123/163 1057/2124/162
f 1059/2125/165 1063/2120/167 1061/2122/169 1057/2126/162
f 1064/2119/166 1060/2127/164 1058/2128/163 1062/2121/168
f 1065/2129/162 1066/2130/170 1068/2131/164 1067/2132/171
f 1067/2132/171 1068/2131/164 1072/2133/172 1071/2134/167
f 1071/2134/167 1072/2133/172 1070/2135/173 1069/2136/174
f 1069/2136/174 1070/2135/173 1066/2137/170 1065/2138/162
f 1067/2139/171 1071/2134/167 1069/2136/174 1065/2140/162
f 1072/2133/172 1068/2141/164 1066/2142/170 1070/2135/173
f 1073/2143/175 1085/2144/176 1086/2145/177 1074/2146/178
f 1074/2146/178 1086/2145/177 1087/2147/179 1075/2148/180
f 1075/2148/180 1087/2147/179 1088/2149/181 1076/2150/182
f 1076/2150/182 1088/2149/181 1089/2151/183 1077/2152/184
f 1077/2152/184 1089/2151/183 1090/2153/185 1078/2154/186
f 1078/2154/186 1090/2153/185 1091/2155/187 1079/2156/188
f 1079/2157/188 1091/2158/187 1092/2159/189 1080/2160/190
f 1080/2160/190 1092/2159/189 1093/2161/191 1081/2162/192
f 1081/2162/192 1093/2161/191 1094/2163/193 1082/2164/194
f 1082/2164/194 1094/2163/193 1095/2165/195 1083/2166/196
f 1083/2166/196 1095/2165/195 1096/2167/197 1084/2168/198
f 1084/2168/198 1096/2167/197 1085/2144/176 1073/2143/175
f 1085/2144/176 1097/2169/199 1098/2170/200 1086/2145/177
f 1086/2145/177 1098/2170/200 1099/2171/201 1087/2147/179
f 1087/2147/179 1099/2171/201 1100/2172/202 1088/2149/181
f 1088/2149/181 1100/2172/202 1101/2173/203 1089/2151/183
f 1089/2151/183 1101/2173/203 1102/2174/204 1090/2153/185
f 1090/2153/185 1102/2174/204 1103/2175/205 1091/2155/187
f 1091/2158/187 1103/2176/205 1104/2177/206 1092/2159/189
f 1092/2159/189 1104/2177/206 1105/2178/207 1093/2161/191
f 1093/2161/191 1105/2178/207 1106/2179/208 1094/2163/193
f 1094/2163/193 1106/2179/208 1107/2180/209 1095/2165/195
f 1095/2165/195 1107/2180/209 1108/2181/210 1096/2167/197
f 1096/2167/197 1108/2181/210 1097/2169/199 1085/2144/176
f 1097/2169/199 1109/2182/211 1110/2183/212 1098/2170/200
f 1098/2170/200 1110/2183/212 1111/2184/213 1099/2171/201
f 1099/2171/201 1111/2184/213 1112/2185/214 1100/2172/202
f 1100/2172/202 1112/2185/214 1113/2186/215 1101/2173/203
f 1101/2173/203 1113/2186/215 1114/2187/216 1102/2174/204
f 1102/2174/204 1114/2187/216 1115/2188/217 1103/2175/205
f 1103/2176/205 1115/2189/217 1116/2190/218 1104/2177/206
f 1104/2177/206 1116/2190/218 1117/2191/219 1105/2178/207
f 1105/2178/207 1117/2191/219 1118/2192/220 1106/2179/208
f 1106/2179/208 1118/2192/220 1119/2193/221 1107/2180/209
f 1107/2180/209 1119/2193/221 1120/2194/222 1108/2181/210
f 1108/2181/210 1120/2194/222 1109/2182/211 1097/2169/199
f 1109/2182/211 1121/2195/223 1122/2196/224 1110/2183/212
f 1110/2183/212 1122/2196/224 1123/2197/225 1111/2184/213
f 1111/2184/213 1123/2197/225 1124/2198/226 1112/2185/214
f 1112/2185/214 1124/2198/226 1125/2199/227 1113/2186/215
f 1113/2186/215 1125/2199/227 1126/2200/228 1114/2187/216
f 1114/2187/216 1126/2200/228 1127/2201/229 1115/2188/217
f 1115/2189/217 1127/2202/229 1128/2203/230 1116/2190/218
f 1116/2190/218 1128/2203/230 1129/2204/231 1117/2191/219
f 1117/2191/219 1129/2204/231 1130/2205/232 1118/2192/220
f 1118/2192/220 1130/2205/232 1131/2206/233 1119/2193/221
f 1119/2193/221 1131/2206/233 1132/2207/234 1120/2194/222
f 1120/2194/222 1132/2207/234 1121/2195/223 1109/2182/211
f 1121/2195/223 1133/2208/235 1134/2209/236 1122/2196/224
f 1122/2196/224 1134/2209/236 1135/2210/237 1123/2197/225
f 1123/2197/225 1135/2210/237 1136/2211/238 1124/2198/226
f 1124/2198/226 1136/2211/238 1137/2212/239 1125/2199/227
f 1125/2199/227 1137/2212/239 1138/2213/240 1126/2200/228
f 1126/2200/228 1138/2213/240 1139/2214/241 1127/2201/229
f 1127/2202/229 1139/2215/241 1140/2216/242 1128/2203/230
f 1128/2203/230 1140/2216/242 1141/2217/243 1129/2204/231
f 1129/2204/231 1141/2217/243 1142/2218/244 1130/2205/232
f 1130/2205/232 1142/2218/244 1143/2219/245 1131/2206/233
f 1131/2206/233 1143/2219/245 1144/2220/246 1132/2207/234
f 1132/2207/234 1144/2220/246 1133/2208/235 1121/2195/223
f 1133/2208/235 1145/2221/247 1146/2222/248 1134/2209/236
f 1134/2209/236 1146/2222/248 1147/2223/249 1135/2210/237
f 1135/2210/237 1147/2223/249 1148/2224/250 1136/2211/238
f 1136/2211/238 1148/2224/250 1149/2225/251 1137/2212/239
f 1137/2212/239 1149/2225/251 1150/2226/252 1138/2213/240
f 1138/2213/240 1150/2226/252 1151/2227/253 1139/2214/241
f 1139/2215/241 1151/2228/253 1152/2229/254 1140/2216/242
f 1140/2216/242 1152/2229/254 1153/2230/255 1141/2217/243
f 1141/2217/243 1153/2230/255 1154/2231/256 1142/2218/244
f 1142/2218/244 1154/2231/256 1155/2232/257 1143/2219/245
f 1143/2219/245 1155/2232/257 1156/2233/258 1144/2220/246
f 1144/2220/246 1156/2233/258 1145/2221/247 1133/2208/235
f 1145/2221/247 1157/2234/259 1158/2235/260 1146/2222/248
f 1146/2222/248 1158/2235/260 1159/2236/261 1147/2223/249
f 1147/2223/249 1159/2236/261 1160/2237/262 1148/2224/250
f 1148/2224/250 1160/2237/262 1161/2238/263 1149/2225/251
f 1149/2225/251 1161/2238/263 1162/2239/264 1150/2226/252
f 1150/2226/252 1162/2239/264 1163/2240/265 1151/2227/253
f 1151/2228/253 1163/2241/265 1164/2242/266 1152/2229/254
f 1152/2229/254 1164/2242/266 1165/2243/267 1153/2230/255
f 1153/2230/255 1165/2243/267 1166/2244/268 1154/2231/256
f 1154/2231/256 1166/2244/268 1167/2245/269 1155/2232/257
f 1155/2232/257 1167/2245/269 1168/2246/270 1156/2233/258
f 1156/2233/258 1168/2246/270 1157/2234/259 1145/2221/247
f 1157/2234/259 1169/2247/271 1170/2248/272 1158/2235/260
f 1158/2235/260 1170/2248/272 1171/2249/273 1159/2236/261
f 1159/2236/261 1171/2249/273 1172/2250/274 1160/2237/262
f 1160/2237/262 1172/2250/274 1173/2251/275 1161/2238/263
f 1161/2238/263 1173/2251/275 1174/2252/276 1162/2239/264
f 1162/2239/264 1174/2252/276 1175/2253/277 1163/2240/265
f 1163/2241/265 1175/2254/277 1176/2255/278 1164/2242/266
f 1164/2242/266 1176/2255/278 1177/2256/279 1165/2243/267
f 1165/2243/267 1177/2256/279 1178/2257/280 1166/2244/268
f 1166/2244/268 1178/2257/280 1179/2258/281 1167/2245/269
f 1167/2245/269 1179/2258/281 1180/2259/282 1168/2246/270
f 1168/2246/270 1180/2259/282 1169/2247/271 1157/2234/259
f 1169/2247/271 1181/2260/283 1182/2261/284 1170/2248/272
f 1170/2248/272 1182/2261/284 1183/2262/285 1171/2249/273
f 1171/2249/273 1183/2262/285 1184/2263/286 1172/2250/274
f 1172/2250/274 1184/2263/286 1185/2264/287 1173/2251/275
f 1173/2251/275 1185/2264/287 1186/2265/288 1174/2252/276
f 1174/2252/276 1186/2265/288 1187/2266/289 1175/2253/277
f 1175/2254/277 1187/2267/289 1188/2268/290 1176/2255/278
f 1176/2255/278 1188/2268/290 1189/2269/291 1177/2256/279
f 1177/2256/279 1189/2269/291 1190/2270/292 1178/2257/280
f 1178/2257/280 1190/2270/292 1191/2271/293 1179/2258/281
f 1179/2258/281 1191/2271/293 1192/2272/294 1180/2259/282
f 1180/2259/282 1192/2272/294 1181/2260/283 1169/2247/271
f 1181/2260/283 1193/2273/295 1194/2274/296 1182/2261/284
f 1182/2261/284 1194/2274/296 1195/2275/297 1183/2262/285
f 1183/2262/285 1195/2275/297 1196/2276/298 1184/2263/286
f 1184/2263/286 1196/2276/298 1197/2277/299 1185/2264/287
f 1185/2264/287 1197/2277/299 1198/2278/300 1186/2265/288
f 1186/2265/288 1198/2278/300 1199/2279/301 1187/2266/289
f 1187/2267/289 1199/2280/301 1200/2281/302 1188/2268/290
f 1188/2268/290 1200/2281/302 1201/2282/303 1189/2269/291
f 1189/2269/291 1201/2282/303 1202/2283/304 1190/2270/292
f 1190/2270/292 1202/2283/304 1203/2284/305 1191/2271/293
f 1191/2271/293 1203/2284/305 1204/2285/306 1192/2272/294
f 1192/2272/294 1204/2285/306 1193/2273/295 1181/2260/283
f 1193/2273/295 1205/2286/307 1206/2287/308 1194/2274/296
f 1194/2274/296 1206/2287/308 1207/2288/309 1195/2275/297
f 1195/2275/297 1207/2288/309 1208/2289/310 1196/2276/298
f 1196/2276/298 1208/2289/310 1209/2290/311 1197/2277/299
f 1197/2277/299 1209/2290/311 1210/2291/312 1198/2278/300
f 1198/2278/300 1210/2291/312 1211/2292/313 1199/2279/301
f 1199/2280/301 1211/2293/313 1212/2294/314 1200/2281/302
f 1200/2281/302 1212/2294/314 1213/2295/315 1201/2282/303
f 1201/2282/303 1213/2295/315 1214/2296/316 1202/2283/304
f 1202/2283/304 1214/2296/316 1215/2297/317 1203/2284/305
f 1203/2284/305 1215/2297/317 1216/2298/318 1204/2285/306
f 1204/2285/306 1216/2298/318 1205/2286/307 1193/2273/295
f 1205/2286/307 1217/2299/319 1218/2300/320 1206/2287/308
f 1206/2287/308 1218/2300/320 1219/2301/321 1207/2288/309
f 1207/2288/309 1219/2301/321 1220/2302/322 1208/2289/310
f 1208/2289/310 1220/2302/322 1221/2303/323 1209/2290/311
f 1209/2290/311 1221/2303/323 1222/2304/324 1210/2291/312
f 1210/2291/312 1222/2304/324 1223/2305/325 1211/2292/313
f 1211/2293/313 1223/2306/325 1224/2307/326 1212/2294/314
f 1212/2294/314 1224/2307/326 1225/2308/327 1213/2295/315
f 1213/2295/315 1225/2308/327 1226/2309/328 1214/2296/316
f 1214/2296/316 1226/2309/328 1227/2310/329 1215/2297/317
f 1215/2297/317 1227/2310/329 1228/2311/330 1216/2298/318
f 1216/2298/318 1228/2311/330 1217/2299/319 1205/2286/307
f 1217/2299/319 1229/2312/331 1230/2313/332 1218/2300/320
f 1218/2300/320 1230/2313/332 1231/2314/333 1219/2301/321
f 1219/2301/321 1231/2314/333 1232/2315/334 1220/2302/322
f 1220/2302/322 1232/2315/334 1233/2316/335 1221/2303/323
f 1221/2303/323 1233/2316/335 1234/2317/336 1222/2304/324
f 1222/2304/324 1234/2317/336 1235/2318/337 1223/2305/325
f 1223/2306/325 1235/2319/337 1236/2320/338 1224/2307/326
f 1224/2307/326 1236/2320/338 1237/2321/339 1225/2308/327
f 1225/2308/327 1237/2321/339 1238/2322/340 1226/2309/328
f 1226/2309/328 1238/2322/340 1239/2323/341 1227/2310/329
f 1227/2310/329 1239/2323/341 1240/2324/342 1228/2311/330
f 1228/2311/330 1240/2324/342 1229/2312/331 1217/2299/319
f 1229/2312/331 1241/2325/343 1242/2326/344 1230/2313/332
f 1230/2313/332 1242/2326/344 1243/2327/345 1231/2314/333
f 1231/2314/333 1243/2327/345 1244/2328/346 1232/2315/334
f 1232/2315/334 1244/2328/346 1245/2329/347 1233/2316/335
f 1233/2316/335 1245/2329/347 1246/2330/348 1234/2317/336
f 1234/2317/336 1246/2330/348 1247/2331/349 1235/2318/337
f 1235/2319/337 1247/2332/349 1248/2333/350 1236/2320/338
f 1236/2320/338 1248/2333/350 1249/2334/351 1237/2321/339
f 1237/2321/339 1249/2334/351 1250/2335/352 1238/2322/340
f 1238/2322/340 1250/2335/352 1251/2336/353 1239/2323/341
f 1239/2323/341 1251/2336/353 1252/2337/354 1240/2324/342
f 1240/2324/342 1252/2337/354 1241/2325/343 1229/2312/331
f 1241/2325/343 1253/2338/355 1254/2339/356 1242/2326/344
f 1242/2326/344 1254/2339/356 1255/2340/357 1243/2327/345
f 1243/2327/345 1255/2340/357 1256/2341/358 1244/2328/346
f 1244/2328/346 1256/2341/358 1257/2342/359 1245/2329/347
f 1245/2329/347 1257/2342/359 1258/2343/360 1246/2330/348
f 1246/2330/348 1258/2343/360 1259/2344/361 1247/2331/349
f 1247/2332/349 1259/2345/361 1260/2346/362 1248/2333/350
f 1248/2333/350 1260/2346/362 1261/2347/363 1249/2334/351
f 1249/2334/351 1261/2347/363 1262/2348/364 1250/2335/352
f 1250/2335/352 1262/2348/364 1263/2349/365 1251/2336/353
f 1251/2336/353 1263/2349/365 1264/2350/366 1252/2337/354
f 1252/2337/354 1264/2350/366 1253/2338/355 1241/2325/343
f 1253/2338/355 1265/2351/367 1266/2352/368 1254/2339/356
f 1254/2339/356 1266/2352/368 1267/2353/369 1255/2340/357
f 1255/2340/357 1267/2353/369 1268/2354/370 1256/2341/358
f 1256/2341/358 1268/2354/370 1269/2355/371 1257/2342/359
f 1257/2342/359 1269/2355/371 1270/2356/372 1258/2343/360
f 1258/2343/360 1270/2356/372 1271/2357/373 1259/2344/361
f 1259/2345/361 1271/2358/373 1272/2359/374 1260/2346/362
f 1260/2346/362 1272/2359/374 1273/2360/375 1261/2347/363
f 1261/2347/363 1273/2360/375 1274/2361/376 1262/2348/364
f 1262/2348/364 1274/2361/376 1275/2362/377 1263/2349/365
f 1263/2349/365 1275/2362/377 1276/2363/378 1264/2350/366
f 1264/2350/366 1276/2363/378 1265/2351/367 1253/2338/355
f 1265/2351/367 1277/2364/379 1278/2365/380 1266/2352/368
f 1266/2352/368 1278/2365/380 1279/2366/381 1267/2353/369
f 1267/2353/369 1279/2366/381 1280/2367/382 1268/2354/370
f 1268/2354/370 1280/2367/382 1281/2368/383 1269/2355/371
f 1269/2355/371 1281/2368/383 1282/2369/384 1270/2356/372
f 1270/2356/372 1282/2369/384 1283/2370/385 1271/2357/373
f 1271/2358/373 1283/2371/385 1284/2372/386 1272/2359/374
f 1272/2359/374 1284/2372/386 1285/2373/387 1273/2360/375
f 1273/2360/375 1285/2373/387 1286/2374/388 1274/2361/376
f 1274/2361/376 1286/2374/388 1287/2375/389 1275/2362/377
f 1275/2362/377 1287/2375/389 1288/2376/390 1276/2363/378
f 1276/2363/378 1288/2376/390 1277/2364/379 1265/2351/367
f 1277/2364/379 1289/2377/391 1290/2378/392 1278/2365/380
f 1278/2365/380 1290/2378/392 1291/2379/393 1279/2366/381
f 1279/2366/381 1291/2379/393 1292/2380/394 1280/2367/382
f 1280/2367/382 1292/2380/394 1293/2381/395 1281/2368/383
f 1281/2368/383 1293/2381/395 1294/2382/396 1282/2369/384
f 1282/2369/384 1294/2382/396 1295/2383/397 1283/2370/385
f 1283/2371/385 1295/2384/397 1296/2385/398 1284/2372/386
f 1284/2372/386 1296/2385/398 1297/2386/399 1285/2373/387
f 1285/2373/387 1297/2386/399 1298/2387/400 1286/2374/388
f 1286/2374/388 1298/2387/400 1299/2388/401 1287/2375/389
f 1287/2375/389 1299/2388/401 1300/2389/402 1288/2376/390
f 1288/2376/390 1300/2389/402 1289/2377/391 1277/2364/379
f 1289/2377/391 1301/2390/403 1302/2391/404 1290/2378/392
f 1290/2378/392 1302/2391/404 1303/2392/405 1291/2379/393
f 1291/2379/393 1303/2392/405 1304/2393/406 1292/2380/394
f 1292/2380/394 1304/2393/406 1305/2394/407 1293/2381/395
f 1293/2381/395 1305/2394/407 1306/2395/408 1294/2382/396
f 1294/2382/396 1306/2395/408 1307/2396/409 1295/2383/397
f 1295/2384/397 1307/2397/409 1308/2398/410 1296/2385/398
f 1296/2385/398 1308/2398/410 1309/2399/411 1297/2386/399
f 1297/2386/399 1309/2399/411 1310/2400/412 1298/2387/400
f 1298/2387/400 1310/2400/412 1311/2401/413 1299/2388/401
f 1299/2388/401 1311/2401/413 1312/2402/414 1300/2389/402
f 1300/2389/402 1312/2402/414 1301/2390/403 1289/2377/391
f 1301/2390/403 1313/2403/415 1314/2404/416 1302/2391/404
f 1302/2391/404 1314/2404/416 1315/2405/417 1303/2392/405
f 1303/2392/405 1315/2405/417 1316/2406/418 1304/2393/406
f 1304/2393/406 1316/2406/418 1317/2407/419 1305/2394/407
f 1305/2394/407 1317/2407/419 1318/2408/420 1306/2395/408
f 1306/2395/408 1318/2408/420 1319/2409/421 1307/2396/409
f 1307/2397/409 1319/2410/421 1320/2411/422 1308/2398/410
f 1308/2398/410 1320/2411/422 1321/2412/423 1309/2399/411
f 1309/2399/411 1321/2412/423 1322/2413/424 1310/2400/412
f 1310/2400/412 1322/2413/424 1323/2414/425 1311/2401/413
f 1311/2401/413 1323/2414/425 1324/2415/426 1312/2402/414
f 1312/2402/414 1324/2415/426 1313/2403/415 1301/2390/403
f 1313/2403/415 1325/2416/427 1326/2417/428 1314/2404/416
f 1314/2404/416 1326/2417/428 1327/2418/429 1315/2405/417
f 1315/2405/417 1327/2418/429 1328/2419/430 1316/2406/418
f 1316/2406/418 1328/2419/430 1329/2420/431 1317/2407/419
f 1317/2407/419 1329/2420/431 1330/2421/432 1318/2408/420
f 1318/2408/420 1330/2421/432 1331/2422/433 1319/2409/421
f 1319/2410/421 1331/2423/433 1332/2424/434 1320/2411/422
f 1320/2411/422 1332/2424/434 1333/2425/435 1321/2412/423
f 1321/2412/423 1333/2425/435 1334/2426/436 1322/2413/424
f 1322/2413/424 1334/2426/436 1335/2427/437 1323/2414/425
f 1323/2414/425 1335/2427/437 1336/2428/438 1324/2415/426
f 1324/2415/426 1336/2428/438 1325/2416/427 1313/2403/415
f 1325/2416/427 1337/2429/439 1338/2430/440 1326/2417/428
f 1326/2417/428 1338/2430/440 1339/2431/441 1327/2418/429
f 1327/2418/429 1339/2431/441 1340/2432/442 1328/2419/430
f 1328/2419/430 1340/2432/442 1341/2433/443 1329/2420/431
f 1329/2420/431 1341/2433/443 1342/2434/444 1330/2421/432
f 1330/2421/432 1342/2434/444 1343/2435/445 1331/2422/433
f 1331/2423/433 1343/2436/445 1344/2437/446 1332/2424/434
f 1332/2424/434 1344/2437/446 1345/2438/447 1333/2425/435
f 1333/2425/435 1345/2438/447 1346/2439/448 1334/2426/436
f 1334/2426/436 1346/2439/448 1347/2440/449 1335/2427/437
f 1335/2427/437 1347/2440/449 1348/2441/450 1336/2428/438
f 1336/2428/438 1348/2441/450 1337/2429/439 1325/2416/427
f 1337/2429/439 1349/2442/451 1350/2443/452 1338/2430/440
f 1338/2430/440 1350/2443/452 1351/2444/453 1339/2431/441
f 1339/2431/441 1351/2444/453 1352/2445/454 1340/2432/442
f 1340/2432/442 1352/2445/454 1353/2446/455 1341/2433/443
f 1341/2433/443 1353/2446/455 1354/2447/456 1342/2434/444
f 1342/2434/444 1354/2447/456 1355/2448/457 1343/2435/445
f 1343/2436/445 1355/2449/457 1356/2450/458 1344/2437/446
f 1344/2437/446 1356/2450/458 1357/2451/459 1345/2438/447
f 1345/2438/447 1357/2451/459 1358/2452/460 1346/2439/448
f 1346/2439/448 1358/2452/460 1359/2453/461 1347/2440/449
f 1347/2440/449 1359/2453/461 1360/2454/462 1348/2441/450
f 1348/2441/450 1360/2454/462 1349/2442/451 1337/2429/439
f 1349/2442/451 1361/2455/463 1362/2456/464 1350/2443/452
f 1350/2443/452 1362/2456/464 1363/2457/465 1351/2444/453
f 1351/2444/453 1363/2457/465 1364/2458/466 1352/2445/454
f 1352/2445/454 1364/2458/466 1365/2459/467 1353/2446/455
f 1353/2446/455 1365/2459/467 1366/2460/468 1354/2447/456
f 1354/2447/456 1366/2460/468 1367/2461/469 1355/2448/457
f 1355/2449/457 1367/2462/469 1368/2463/470 1356/2450/458
f 1356/2450/458 1368/2463/470 1369/2464/471 1357/2451/459
f 1357/2451/459 1369/2464/471 1370/2465/472 1358/2452/460
f 1358/2452/460 1370/2465/472 1371/2466/473 1359/2453/461
f 1359/2453/461 1371/2466/473 1372/2467/474 1360/2454/462
f 1360/2454/462 1372/2467/474 1361/2455/463 1349/2442/451
f 1361/2468/463 1373/2469/475 1374/2470/476 1362/2471/464
f 1362/2471/464 1374/2470/476 1375/2472/477 1363/2473/465
f 1363/2473/465 1375/2472/477 1376/2474/478 1364/2475/466
f 1364/2475/466 1376/2474/478 1377/2476/479 1365/2477/467
f 1365/2477/467 1377/2476/479 1378/2478/480 1366/2479/468
f 1366/2479/468 1378/2478/480 1379/2480/481 1367/2481/469
f 1367/2482/469 1379/2483/481 1380/2484/482 1368/2485/470
f 1368/2485/470 1380/2484/482 1381/2486/483 1369/2487/471
f 1369/2487/471 1381/2486/483 1382/2488/484 1370/2489/472
f 1370/2489/472 1382/2488/484 1383/2490/485 1371/2491/473
f 1371/2491/473 1383/2490/485 1384/2492/486 1372/2493/474
f 1372/2493/474 1384/2492/486 1373/2469/475 1361/2468/463
f 1373/2469/475 1385/2494/487 1386/2495/488 1374/2470/476
f 1374/2470/476 1386/2495/488 1387/2496/489 1375/2472/477
f 1375/2472/477 1387/2496/489 1388/2497/490 1376/2474/478
f 1376/2474/478 1388/2497/490 1389/2498/491 1377/2476/479
f 1377/2476/479 1389/2498/491 1390/2499/492 1378/2478/480
f 1378/2478/480 1390/2499/492 1391/2500/493 1379/2480/481
f 1379/2483/481 1391/2501/493 1392/2502/494 1380/2484/482
f 1380/2484/482 1392/2502/494 1393/2503/495 1381/2486/483
f 1381/2486/483 1393/2503/495 1394/2504/496 1382/2488/484
f 1382/2488/484 1394/2504/496 1395/2505/497 1383/2490/485
f 1383/2490/485 1395/2505/497 1396/2506/498 1384/2492/486
f 1384/2492/486 1396/2506/498 1385/2494/487 1373/2469/475
f 1385/2494/487 1397/2507/499 1398/2508/500 1386/2495/488
f 1386/2495/488 1398/2508/500 1399/2509/501 1387/2496/489
f 1387/2496/489 1399/2509/501 1400/2510/502 1388/2497/490
f 1388/2497/490 1400/2510/502 1401/2511/503 1389/2498/491
f 1389/2498/491 1401/2511/503 1402/2512/504 1390/2499/492
f 1390/2499/492 1402/2512/504 1403/2513/505 1391/2500/493
f 1391/2501/493 1403/2514/505 1404/2515/506 1392/2502/494
f 1392/2502/494 1404/2515/506 1405/2516/507 1393/2503/495
f 1393/2503/495 1405/2516/507 1406/2517/508 1394/2504/496
f 1394/2504/496 1406/2517/508 1407/2518/509 1395/2505/497
f 1395/2505/497 1407/2518/509 1408/2519/510 1396/2506/498
f 1396/2506/498 1408/2519/510 1397/2507/499 1385/2494/487
f 1397/2507/499 1409/2520/511 1410/2521/512 1398/2508/500
f 1398/2508/500 1410/2521/512 1411/2522/513 1399/2509/501
f 1399/2509/501 1411/2522/513 1412/2523/514 1400/2510/502
f 1400/2510/502 1412/2523/514 1413/2524/515 1401/2511/503
f 1401/2511/503 1413/2524/515 1414/2525/516 1402/2512/504
f 1402/2512/504 1414/2525/516 1415/2526/517 1403/2513/505
f 1403/2514/505 1415/2527/517 1416/2528/518 1404/2515/506
f 1404/2515/506 1416/2528/518 1417/2529/519 1405/2516/507
f 1405/2516/507 1417/2529/519 1418/2530/520 1406/2517/508
f 1406/2517/508 1418/2530/520 1419/2531/521 1407/2518/509
f 1407/2518/509 1419/2531/521 1420/2532/522 1408/2519/510
f 1408/2519/510 1420/2532/522 1409/2520/511 1397/2507/499
f 1409/2520/511 1421/2533/523 1422/2534/524 1410/2521/512
f 1410/2521/512 1422/2534/524 1423/2535/525 1411/2522/513
f 1411/2522/513 1423/2535/525 1424/2536/526 1412/2523/514
f 1412/2523/514 1424/2536/526 1425/2537/527 1413/2524/515
f 1413/2524/515 1425/2537/527 1426/2538/528 1414/2525/516
f 1414/2525/516 1426/2538/528 1427/2539/529 1415/2526/517
f 1415/2527/517 1427/2540/529 1428/2541/530 1416/2528/518
f 1416/2528/518 1428/2541/530 1429/2542/531 1417/2529/519
f 1417/2529/519 1429/2542/531 1430/2543/532 1418/2530/520
f 1418/2530/520 1430/2543/532 1431/2544/533 1419/2531/521
f 1419/2531/521 1431/2544/533 1432/2545/534 1420/2532/522
f 1420/2532/522 1432/2545/534 1421/2533/523 1409/2520/511
f 1421/2533/523 1433/2546/535 1434/2547/536 1422/2534/524
f 1422/2534/524 1434/2547/536 1435/2548/537 1423/2535/525
f 1423/2535/525 1435/2548/537 1436/2549/538 1424/2536/526
f 1424/2536/526 1436/2549/538 1437/2550/539 1425/2537/527
f 1425/2537/527 1437/2550/539 1438/2551/540 1426/2538/528
f 1426/2538/528 1438/2551/540 1439/2552/541 1427/2539/529
f 1427/2540/529 1439/2553/541 1440/2554/542 1428/2541/530
f 1428/2541/530 1440/2554/542 1441/2555/543 1429/2542/531
f 1429/2542/531 1441/2555/543 1442/2556/544 1430/2543/532
f 1430/2543/532 1442/2556/544 1443/2557/545 1431/2544/533
f 1431/2544/533 1443/2557/545 1444/2558/546 1432/2545/534
f 1432/2545/534 1444/2558/546 1433/2546/535 1421/2533/523
f 1433/2546/535 1445/2559/547 1446/2560/548 1434/2547/536
f 1434/2547/536 1446/2560/548 1447/2561/549 1435/2548/537
f 1435/2548/537 1447/2561/549 1448/2562/550 1436/2549/538
f 1436/2549/538 1448/2562/550 1449/2563/551 1437/2550/539
f 1437/2550/539 1449/2563/551 1450/2564/552 1438/2551/540
f 1438/2551/540 1450/2564/552 1451/2565/553 1439/2552/541
f 1439/2553/541 1451/2566/553 1452/2567/554 1440/2554/542
f 1440/2554/542 1452/2567/554 1453/2568/555 1441/2555/543
f 1441/2555/543 1453/2568/555 1454/2569/556 1442/2556/544
f 1442/2556/544 1454/2569/556 1455/2570/557 1443/2557/545
f 1443/2557/545 1455/2570/557 1456/2571/558 1444/2558/546
f 1444/2558/546 1456/2571/558 1445/2559/547 1433/2546/535
f 1445/2559/547 1457/2572/559 1458/2573/560 1446/2560/548
f 1446/2560/548 1458/2573/560 1459/2574/561 1447/2561/549
f 1447/2561/549 1459/2574/561 1460/2575/562 1448/2562/550
f 1448/2562/550 1460/2575/562 1461/2576/563 1449/2563/551
f 1449/2563/551 1461/2576/563 1462/2577/564 1450/2564/552
f 1450/2564/552 1462/2577/564 1463/2578/565 1451/2565/553
f 1451/2566/553 1463/2579/565 1464/2580/566 1452/2567/554
f 1452/2567/554 1464/2580/566 1465/2581/567 1453/2568/555
f 1453/2568/555 1465/2581/567 1466/2582/568 1454/2569/556
f 1454/2569/556 1466/2582/568 1467/2583/569 1455/2570/557
f 1455/2570/557 1467/2583/569 1468/2584/570 1456/2571/558
f 1456/2571/558 1468/2584/570 1457/2572/559 1445/2559/547
f 1457/2572/559 1469/2585/571 1470/2586/572 1458/2573/560
f 1458/2573/560 1470/2586/572 1471/2587/573 1459/2574/561
f 1459/2574/561 1471/2587/573 1472/2588/574 1460/2575/562
f 1460/2575/562 1472/2588/574 1473/2589/575 1461/2576/563
f 1461/2576/563 1473/2589/575 1474/2590/576 1462/2577/564
f 1462/2577/564 1474/2590/576 1475/2591/577 1463/2578/565
f 1463/2579/565 1475/2592/577 1476/2593/578 1464/2580/566
f 1464/2580/566 1476/2593/578 1477/2594/579 1465/2581/567
f 1465/2581/567 1477/2594/579 1478/2595/580 1466/2582/568
f 1466/2582/568 1478/2595/580 1479/2596/581 1467/2583/569
f 1467/2583/569 1479/2596/581 1480/2597/582 1468/2584/570
f 1468/2584/570 1480/2597/582 1469/2585/571 1457/2572/559
f 1469/2585/571 1481/2598/583 1482/2599/584 1470/2586/572
f 1470/2586/572 1482/2599/584 1483/2600/585 1471/2587/573
f 1471/2587/573 1483/2600/585 1484/2601/586 1472/2588/574
f 1472/2588/574 1484/2601/586 1485/2602/587 1473/2589/575
f 1473/2589/575 1485/2602/587 1486/2603/588 1474/2590/576
f 1474/2590/576 1486/2603/588 1487/2604/589 1475/2591/577
f 1475/2592/577 1487/2605/589 1488/2606/590 1476/2593/578
f 1476/2593/578 1488/2606/590 1489/2607/591 1477/2594/579
f 1477/2594/579 1489/2607/591 1490/2608/592 1478/2595/580
f 1478/2595/580 1490/2608/592 1491/2609/593 1479/2596/581
f 1479/2596/581 1491/2609/593 1492/2610/594 1480/2597/582
f 1480/2597/582 1492/2610/594 1481/2598/583 1469/2585/571
f 1481/2598/583 1493/2611/595 1494/2612/596 1482/2599/584
f 1482/2599/584 1494/2612/596 1495/2613/597 1483/2600/585
f 1483/2600/585 1495/2613/597 1496/2614/598 1484/2601/586
f 1484/2601/586 1496/2614/598 1497/2615/599 1485/2602/587
f 1485/2602/587 1497/2615/599 1498/2616/600 1486/2603/588
f 1486/2603/588 1498/2616/600 1499/2617/601 1487/2604/589
f 1487/2605/589 1499/2618/601 1500/2619/602 1488/2606/590
f 1488/2606/590 1500/2619/602 1501/2620/603 1489/2607/591
f 1489/2607/591 1501/2620/603 1502/2621/604 1490/2608/592
f 1490/2608/592 1502/2621/604 1503/2622/605 1491/2609/593
f 1491/2609/593 1503/2622/605 1504/2623/606 1492/2610/594
f 1492/2610/594 1504/2623/606 1493/2611/595 1481/2598/583
f 1493/2611/595 1505/2624/607 1506/2625/608 1494/2612/596
f 1494/2612/596 1506/2625/608 1507/2626/609 1495/2613/597
f 1495/2613/597 1507/2626/609 1508/2627/610 1496/2614/598
f 1496/2614/598 1508/2627/610 1509/2628/611 1497/2615/599
f 1497/2615/599 1509/2628/611 1510/2629/612 1498/2616/600
f 1498/2616/600 1510/2629/612 1511/2630/613 1499/2617/601
f 1499/2618/601 1511/2631/613 1512/2632/614 1500/2619/602
f 1500/2619/602 1512/2632/614 1513/2633/615 1501/2620/603
f 1501/2620/603 1513/2633/615 1514/2634/616 1502/2621/604
f 1502/2621/604 1514/2634/616 1515/2635/617 1503/2622/605
f 1503/2622/605 1515/2635/617 1516/2636/618 1504/2623/606
f 1504/2623/606 1516/2636/618 1505/2624/607 1493/2611/595
f 1505/2624/607 1517/2637/619 1518/2638/620 1506/2625/608
f 1506/2625/608 1518/2638/620 1519/2639/621 1507/2626/609
f 1507/2626/609 1519/2639/621 1520/2640/622 1508/2627/610
f 1508/2627/610 1520/2640/622 1521/2641/623 1509/2628/611
f 1509/2628/611 1521/2641/623 1522/2642/624 1510/2629/612
f 1510/2629/612 1522/2642/624 1523/2643/625 1511/2630/613
f 1511/2631/613 1523/2644/625 1524/2645/626 1512/2632/614
f 1512/2632/614 1524/2645/626 1525/2646/627 1513/2633/615
f 1513/2633/615 1525/2646/627 1526/2647/628 1514/2634/616
f 1514/2634/616 1526/2647/628 1527/2648/629 1515/2635/617
f 1515/2635/617 1527/2648/629 1528/2649/630 1516/2636/618
f 1516/2636/618 1528/2649/630 1517/2637/619 1505/2624/607
f 1517/2637/619 1529/2650/631 1530/2651/632 1518/2638/620
f 1518/2638/620 1530/2651/632 1531/2652/633 1519/2639/621
f 1519/2639/621 1531/2652/633 1532/2653/634 1520/2640/622
f 1520/2640/622 1532/2653/634 1533/2654/635 1521/2641/623
f 1521/2641/623 1533/2654/635 1534/2655/636 1522/2642/624
f 1522/2642/624 1534/2655/636 1535/2656/637 1523/2643/625
f 1523/2644/625 1535/2657/637 1536/2658/638 1524/2645/626
f 1524/2645/626 1536/2658/638 1537/2659/639 1525/2646/627
f 1525/2646/627 1537/2659/639 1538/2660/640 1526/2647/628
f 1526/2647/628 1538/2660/640 1539/2661/641 1527/2648/629
f 1527/2648/629 1539/2661/641 1540/2662/642 1528/2649/630
f 1528/2649/630 1540/2662/642 1529/2650/631 1517/2637/619
f 1529/2650/631 1541/2663/643 1542/2664/644 1530/2651/632
f 1530/2651/632 1542/2664/644 1543/2665/645 1531/2652/633
f 1531/2652/633 1543/2665/645 1544/2666/646 1532/2653/634
f 1532/2653/634 1544/2666/646 1545/2667/647 1533/2654/635
f 1533/2654/635 1545/2667/647 1546/2668/648 1534/2655/636
f 1534/2655/636 1546/2668/648 1547/2669/649 1535/2656/637
f 1535/2657/637 1547/2670/649 1548/2671/650 1536/2658/638
f 1536/2658/638 1548/2671/650 1549/2672/651 1537/2659/639
f 1537/2659/639 1549/2672/651 1550/2673/652 1538/2660/640
f 1538/2660/640 1550/2673/652 1551/2674/653 1539/2661/641
f 1539/2661/641 1551/2674/653 1552/2675/654 1540/2662/642
f 1540/2662/642 1552/2675/654 1541/2663/643 1529/2650/631
f 1541/2663/643 1553/2676/655 1554/2677/656 1542/2664/644
f 1542/2664/644 1554/2677/656 1555/2678/657 1543/2665/645
f 1543/2665/645 1555/2678/657 1556/2679/658 1544/2666/646
f 1544/2666/646 1556/2679/658 1557/2680/659 1545/2667/647
f 1545/2667/647 1557/2680/659 1558/2681/660 1546/2668/648
f 1546/2668/648 1558/2681/660 1559/2682/661 1547/2669/649
f 1547/2670/649 1559/2683/661 1560/2684/662 1548/2671/650
f 1548/2671/650 1560/2684/662 1561/2685/663 1549/2672/651
f 1549/2672/651 1561/2685/663 1562/2686/664 1550/2673/652
f 1550/2673/652 1562/2686/664 1563/2687/665 1551/2674/653
f 1551/2674/653 1563/2687/665 1564/2688/666 1552/2675/654
f 1552/2675/654 1564/2688/666 1553/2676/655 1541/2663/643
f 1553/2676/655 1565/2689/667 1566/2690/668 1554/2677/656
f 1554/2677/656 1566/2690/668 1567/2691/669 1555/2678/657
f 1555/2678/657 1567/2691/669 1568/2692/670 1556/2679/658
f 1556/2679/658 1568/2692/670 1569/2693/671 1557/2680/659
f 1557/2680/659 1569/2693/671 1570/2694/672 1558/2681/660
f 1558/2681/660 1570/2694/672 1571/2695/673 1559/2682/661
f 1559/2683/661 1571/2696/673 1572/2697/674 1560/2684/662
f 1560/2684/662 1572/2697/674 1573/2698/675 1561/2685/663
f 1561/2685/663 1573/2698/675 1574/2699/676 1562/2686/664
f 1562/2686/664 1574/2699/676 1575/2700/677 1563/2687/665
f 1563/2687/665 1575/2700/677 1576/2701/678 1564/2688/666
f 1564/2688/666 1576/2701/678 1565/2689/667 1553/2676/655
f 1565/2689/667 1577/2702/679 1578/2703/680 1566/2690/668
f 1566/2690/668 1578/2703/680 1579/2704/681 1567/2691/669
f 1567/2691/669 1579/2704/681 1580/2705/682 1568/2692/670
f 1568/2692/670 1580/2705/682 1581/2706/683 1569/2693/671
f 1569/2693/671 1581/2706/683 1582/2707/684 1570/2694/672
f 1570/2694/672 1582/2707/684 1583/2708/685 1571/2695/673
f 1571/2696/673 1583/2709/685 1584/2710/686 1572/2697/674
f 1572/2697/674 1584/2710/686 1585/2711/687 1573/2698/675
f 1573/2698/675 1585/2711/687 1586/2712/688 1574/2699/676
f 1574/2699/676 1586/2712/688 1587/2713/689 1575/2700/677
f 1575/2700/677 1587/2713/689 1588/2714/690 1576/2701/678
f 1576/2701/678 1588/2714/690 1577/2702/679 1565/2689/667
f 1577/2702/679 1589/2715/691 1590/2716/692 1578/2703/680
f 1578/2703/680 1590/2716/692 1591/2717/693 1579/2704/681
f 1579/2704/681 1591/2717/693 1592/2718/694 1580/2705/682
f 1580/2705/682 1592/2718/694 1593/2719/695 1581/2706/683
f 1581/2706/683 1593/2719/695 1594/2720/696 1582/2707/684
f 1582/2707/684 1594/2720/696 1595/2721/697 1583/2708/685
f 1583/2709/685 1595/2722/697 1596/2723/698 1584/2710/686
f 1584/2710/686 1596/2723/698 1597/2724/699 1585/2711/687
f 1585/2711/687 1597/2724/699 1598/2725/700 1586/2712/688
f 1586/2712/688 1598/2725/700 1599/2726/701 1587/2713/689
f 1587/2713/689 1599/2726/701 1600/2727/702 1588/2714/690
f 1588/2714/690 1600/2727/702 1589/2715/691 1577/2702/679
f 1589/2715/691 1601/2728/703 1602/2729/704 1590/2716/692
f 1590/2716/692 1602/2729/704 1603/2730/705 1591/2717/693
f 1591/2717/693 1603/2730/705 1604/2731/706 1592/2718/694
f 1592/2718/694 1604/2731/706 1605/2732/707 1593/2719/695
f 1593/2719/695 1605/2732/707 1606/2733/708 1594/2720/696
f 1594/2720/696 1606/2733/708 1607/2734/709 1595/2721/697
f 1595/2722/697 1607/2735/709 1608/2736/710 1596/2723/698
f 1596/2723/698 1608/2736/710 1609/2737/711 1597/2724/699
f 1597/2724/699 1609/2737/711 1610/2738/712 1598/2725/700
f 1598/2725/700 1610/2738/712 1611/2739/713 1599/2726/701
f 1599/2726/701 1611/2739/713 1612/2740/714 1600/2727/702
f 1600/2727/702 1612/2740/714 1601/2728/703 1589/2715/691
f 1601/2728/703 1613/2741/715 1614/2742/716 1602/2729/704
f 1602/2729/704 1614/2742/716 1615/2743/717 1603/2730/705
f 1603/2730/705 1615/2743/717 1616/2744/718 1604/2731/706
f 1604/2731/706 1616/2744/718 1617/2745/719 1605/2732/707
f 1605/2732/707 1617/2745/719 1618/2746/720 1606/2733/708
f 1606/2733/708 1618/2746/720 1619/2747/721 1607/2734/709
f 1607/2735/709 1619/2748/721 1620/2749/722 1608/2736/710
f 1608/2736/710 1620/2749/722 1621/2750/723 1609/2737/711
f 1609/2737/711 1621/2750/723 1622/2751/724 1610/2738/712
f 1610/2738/712 1622/2751/724 1623/2752/725 1611/2739/713
f 1611/2739/713 1623/2752/725 1624/2753/726 1612/2740/714
f 1612/2740/714 1624/2753/726 1613/2741/715 1601/2728/703
f 1613/2741/715 1625/2754/727 1626/2755/728 1614/2742/716
f 1614/2742/716 1626/2755/728 1627/2756/729 1615/2743/717
f 1615/2743/717 1627/2756/729 1628/2757/730 1616/2744/718
f 1616/2744/718 1628/2757/730 1629/2758/731 1617/2745/719
f 1617/2745/719 1629/2758/731 1630/2759/732 1618/2746/720
f 1618/2746/720 1630/2759/732 1631/2760/733 1619/2747/721
f 1619/2748/721 1631/2761/733 1632/2762/734 1620/2749/722
f 1620/2749/722 1632/2762/734 1633/2763/735 1621/2750/723
f 1621/2750/723 1633/2763/735 1634/2764/736 1622/2751/724
f 1622/2751/724 1634/2764/736 1635/2765/737 1623/2752/725
f 1623/2752/725 1635/2765/737 1636/2766/738 1624/2753/726
f 1624/2753/726 1636/2766/738 1625/2754/727 1613/2741/715
f 1625/2754/727 1637/2767/739 1638/2768/740 1626/2755/728
f 1626/2755/728 1638/2768/740 1639/2769/741 1627/2756/729
f 1627/2756/729 1639/2769/741 1640/2770/742 1628/2757/730
f 1628/2757/730 1640/2770/742 1641/2771/743 1629/2758/731
f 1629/2758/731 1641/2771/743 1642/2772/744 1630/2759/732
f 1630/2759/732 1642/2772/744 1643/2773/745 1631/2760/733
f 1631/2761/733 1643/2774/745 1644/2775/746 1632/2762/734
f 1632/2762/734 1644/2775/746 1645/2776/747 1633/2763/735
f 1633/2763/735 1645/2776/747 1646/2777/748 1634/2764/736
f 1634/2764/736 1646/2777/748 1647/2778/749 1635/2765/737
f 1635/2765/737 1647/2778/749 1648/2779/750 1636/2766/738
f 1636/2766/738 1648/2779/750 1637/2767/739 1625/2754/727
f 1637/2767/739 1073/2143/175 1074/2146/178 1638/2768/740
f 1638/2768/740 1074/2146/178 1075/2148/180 1639/2769/741
f 1639/2769/741 1075/2148/180 1076/2150/182 1640/2770/742
f 1640/2770/742 1076/2150/182 1077/2152/184 1641/2771/743
f 1641/2771/743 1077/2152/184 1078/2154/186 1642/2772/744
f 1642/2772/744 1078/2154/186 1079/2156/188 1643/2773/745
f 1643/2774/745 1079/2157/188 1080/2160/190 1644/2775/746
f 1644/2775/746 1080/2160/190 1081/2162/192 1645/2776/747
f 1645/2776/747 1081/2162/192 1082/2164/194 1646/2777/748
f 1646/2777/748 1082/2164/194 1083/2166/196 1647/2778/749
f 1647/2778/749 1083/2166/196 1084/2168/198 1648/2779/750
f 1648/2779/750 1084/2168/198 1073/2143/175 1637/2767/739
o Torus
v -0.646221 0.768415 0.331893
v -0.651141 0.811011 -0.115837
v -0.879813 0.425212 -0.150028
v -0.874893 0.382616 0.297702
v -1.001861 1.106790 0.595476
v -0.988412 1.102513 0.594906
v -1.261763 0.253337 0.517012
v -1.275212 0.257614 0.517583
v -1.013744 1.191541 -0.295172
v -0.998324 1.186637 -0.295826
v -0.988412 1.102513 0.594906
v -1.001861 1.106790 0.595476
v -1.287129 0.344351 -0.372407
v -1.270451 0.339048 -0.373113
v -0.998324 1.186637 -0.295826
v -1.013744 1.191541 -0.295172
v -1.275212 0.257614 0.517583
v -1.261763 0.253337 0.517012
v -1.270451 0.339048 -0.373113
v -1.287129 0.344351 -0.372407
v -1.366661 0.443349 -0.284374
v -1.362159 0.455456 -0.269014
v -1.353688 0.387886 0.437897
v -1.357850 0.373079 0.450788
v -1.140303 1.144063 -0.220663
v -1.144790 1.128104 -0.206768
v -1.362159 0.455456 -0.269014
v -1.366661 0.443349 -0.284374
v -1.131207 1.073757 0.515767
v -1.136162 1.060428 0.498856
v -1.144790 1.128104 -0.206768
v -1.140303 1.144063 -0.220663
v -1.357850 0.373079 0.450788
v -1.353688 0.387886 0.437897
v -1.136162 1.060428 0.498856
v -1.131207 1.073757 0.515767
v -0.906397 1.000423 0.504125
v -0.910128 0.990386 0.491392
v -1.127656 0.314625 0.429405
v -1.131107 0.302350 0.440091
v -0.915586 1.071033 -0.228952
v -0.919264 1.057950 -0.217562
v -0.910128 0.990386 0.491392
v -0.906397 1.000423 0.504125
v -1.139799 0.372414 -0.292599
v -1.136102 0.382357 -0.279983
v -0.918774 1.057497 -0.218054
v -0.915354 1.069659 -0.228643
v -1.131107 0.302350 0.440091
v -1.127656 0.314625 0.429405
v -1.136102 0.382357 -0.279983
v -1.139799 0.372414 -0.292599
v -1.061316 1.011470 -0.139298
v -1.051494 1.008347 -0.139715
v -1.219560 0.486242 -0.187607
v -1.229381 0.489366 -0.187190
v -1.054833 0.959193 0.408835
v -1.044785 0.955998 0.408409
v -1.051494 1.008347 -0.139715
v -1.061316 1.011470 -0.139298
v -1.223894 0.436576 0.361484
v -1.212298 0.432888 0.360992
v -1.044785 0.955998 0.408409
v -1.054833 0.959193 0.408835
v -1.229381 0.489366 -0.187190
v -1.219560 0.486242 -0.187607
v -1.212298 0.432888 0.360992
v -1.223894 0.436576 0.361484
v -0.949469 0.311040 -0.305990
v -0.960975 0.317792 -0.305221
v -0.952880 0.247694 0.431589
v -0.941374 0.240942 0.430821
v -0.575887 0.882606 0.488242
v -0.565329 0.876411 0.487537
v -0.941699 0.241428 0.431262
v -0.952256 0.247623 0.431967
v -0.583295 0.952874 -0.249749
v -0.573725 0.947258 -0.250389
v -0.565621 0.877076 0.487305
v -0.575191 0.882692 0.487944
v -0.960975 0.317792 -0.305221
v -0.949469 0.311040 -0.305990
v -0.573725 0.947258 -0.250389
v -0.583295 0.952874 -0.249749
v -0.831561 0.323120 -0.229680
v -0.837658 0.314161 -0.242259
v -0.830970 0.256256 0.366402
v -0.825130 0.267437 0.355608
v -0.534196 0.827231 -0.184072
v -0.527449 0.840149 -0.196541
v -0.837658 0.314161 -0.242259
v -0.831561 0.323120 -0.229680
v -0.528796 0.771694 0.398825
v -0.521148 0.782930 0.414604
v -0.527449 0.840149 -0.196541
v -0.534196 0.827231 -0.184072
v -0.825130 0.267437 0.355608
v -0.830970 0.256256 0.366402
v -0.521148 0.782930 0.414604
v -0.528796 0.771694 0.398825
v -0.694659 0.870903 0.411855
v -0.688839 0.879452 0.423860
v -0.695521 0.937307 -0.184268
v -0.701096 0.926635 -0.173965
v -1.000295 0.421848 -0.218702
v -1.006115 0.413298 -0.230707
v -0.999432 0.355442 0.377420
v -0.993858 0.366115 0.367118
v -0.688839 0.879452 0.423860
v -0.694659 0.870903 0.411855
v -0.701096 0.926635 -0.173965
v -0.695521 0.937307 -0.184268
v -1.006115 0.413298 -0.230707
v -1.000295 0.421848 -0.218702
v -0.993858 0.366115 0.367118
v -0.999432 0.355442 0.377420
v -0.397453 0.621536 0.368540
v -0.391809 0.627079 0.377493
v -0.397410 0.678762 -0.168816
v -0.402883 0.671628 -0.160949
v -0.752849 0.272563 -0.195113
v -0.758494 0.267021 -0.204067
v -0.752893 0.215337 0.342243
v -0.747421 0.222471 0.334375
v -0.391809 0.627079 0.377493
v -0.397453 0.621536 0.368540
v -0.402883 0.671628 -0.160949
v -0.397410 0.678762 -0.168816
v -0.758494 0.267021 -0.204067
v -0.752849 0.272563 -0.195113
v -0.747421 0.222471 0.334375
v -0.752893 0.215337 0.342243
v -0.256743 0.509017 0.364385
v -0.261650 0.504199 0.356601
v -0.267091 0.554394 -0.173986
v -0.262333 0.560597 -0.180825
v -0.622692 0.149683 -0.216006
v -0.617784 0.154502 -0.208222
v -0.612344 0.104306 0.322366
v -0.617101 0.098103 0.329206
v -0.261650 0.504199 0.356601
v -0.256743 0.509017 0.364385
v -0.262333 0.560597 -0.180825
v -0.267091 0.554394 -0.173986
v -0.617784 0.154502 -0.208222
v -0.622692 0.149683 -0.216006
v -0.617101 0.098103 0.329206
v -0.612344 0.104306 0.322366
v -0.728034 0.166052 -0.274435
v -0.734603 0.171761 -0.273828
v -0.727771 0.108732 0.392405
v -0.721202 0.103023 0.391797
v -0.287483 0.667320 -0.231044
v -0.295085 0.673926 -0.230340
v -0.734603 0.171761 -0.273828
v -0.728034 0.166052 -0.274435
v -0.280578 0.604049 0.433979
v -0.288629 0.611045 0.434724
v -0.295085 0.673926 -0.230340
v -0.287483 0.667320 -0.231044
v -0.721202 0.103023 0.391797
v -0.727771 0.108732 0.392405
v -0.288629 0.611045 0.434724
v -0.280578 0.604049 0.433979
v -0.647654 0.256216 -0.136764
v -0.642081 0.251373 -0.137280
v -0.637891 0.212714 0.271355
v -0.643464 0.217558 0.271870
v -0.373410 0.525677 0.298339
v -0.367650 0.520670 0.297807
v -0.371841 0.559346 -0.111004
v -0.377603 0.564352 -0.110471
v -0.643464 0.217558 0.271870
v -0.637891 0.212714 0.271355
v -0.367650 0.520670 0.297807
v -0.373410 0.525677 0.298339
v -0.642081 0.251373 -0.137280
v -0.647654 0.256216 -0.136764
v -0.377603 0.564352 -0.110471
v -0.371841 0.559346 -0.111004
v -0.187490 0.393445 0.317402
v -0.194821 0.389033 0.308060
v -0.199170 0.431922 -0.149222
v -0.192009 0.438007 -0.157717
v -0.578074 0.158385 -0.180270
v -0.570743 0.162797 -0.170929
v -0.566393 0.119907 0.286354
v -0.573555 0.113823 0.294848
v -0.194821 0.389033 0.308060
v -0.187490 0.393445 0.317402
v -0.573555 0.113823 0.294848
v -0.566393 0.119907 0.286354
v -0.192009 0.438007 -0.157717
v -0.199170 0.431922 -0.149222
v -0.570743 0.162797 -0.170929
v -0.578074 0.158385 -0.180270
v -0.047629 0.108425 0.253796
v -0.059344 0.104249 0.240674
v -0.062767 0.139486 -0.138352
v -0.051282 0.146030 -0.150687
v -0.419875 -0.024313 -0.163195
v -0.408160 -0.020136 -0.150072
v -0.404738 -0.055373 0.228953
v -0.416222 -0.061917 0.241288
v -0.059344 0.104249 0.240674
v -0.047629 0.108425 0.253796
v -0.051282 0.146030 -0.150687
v -0.062767 0.139486 -0.138352
v -0.408160 -0.020136 -0.150072
v -0.419875 -0.024313 -0.163195
v -0.416222 -0.061917 0.241288
v -0.404738 -0.055373 0.228953
v -0.571850 0.068058 -0.239726
v -0.577427 0.075695 -0.238957
v -0.571947 0.021665 0.337114
v -0.566370 0.014028 0.336345
v -0.103762 0.407503 -0.212568
v -0.108965 0.414629 -0.211850
v -0.577109 0.075557 -0.239198
v -0.571906 0.068431 -0.239917
v -0.098276 0.353293 0.363854
v -0.103619 0.360611 0.364591
v -0.108965 0.414629 -0.211850
v -0.103762 0.407503 -0.212568
v -0.566370 0.014028 0.336345
v -0.571947 0.021665 0.337114
v -0.103619 0.360611 0.364591
v -0.098276 0.353293 0.363854
v -0.104745 0.307568 -0.164594
v -0.102058 0.309850 -0.167782
v -0.483595 0.033507 -0.190070
v -0.480845 0.035163 -0.186565
v -0.097598 0.266656 0.302363
v -0.101196 0.264490 0.297780
v -0.476458 -0.007308 0.275857
v -0.479972 -0.010294 0.280026
v -0.480845 0.035163 -0.186565
v -0.483595 0.033507 -0.190070
v -0.479972 -0.010294 0.280026
v -0.476458 -0.007308 0.275857
v -0.102058 0.309850 -0.167782
v -0.104745 0.307568 -0.164594
v -0.101196 0.264490 0.297780
v -0.097598 0.266656 0.302363
v -0.072314 0.039609 0.194305
v -0.069354 0.033249 0.193688
v -0.072053 0.061025 -0.105086
v -0.075013 0.067385 -0.104468
v -0.344195 -0.064194 -0.113891
v -0.346706 -0.058798 -0.113366
v -0.075720 0.066436 -0.104171
v -0.073209 0.061040 -0.104695
v -0.341856 -0.093980 0.185109
v -0.345750 -0.085614 0.185921
v -0.346706 -0.058798 -0.113366
v -0.344195 -0.064194 -0.113891
v -0.069354 0.033249 0.193688
v -0.072314 0.039609 0.194305
v -0.345750 -0.085614 0.185921
v -0.341856 -0.093980 0.185109
v 0.011870 0.109007 -0.195276
v 0.009029 0.115110 -0.194683
v -0.432878 -0.089114 -0.209679
v -0.430038 -0.095217 -0.210272
v 0.014349 0.069434 0.290815
v 0.016449 0.064924 0.290376
v -0.426589 -0.139823 0.275343
v -0.428689 -0.135313 0.275781
v -0.430038 -0.095217 -0.210272
v -0.432878 -0.089114 -0.209679
v -0.428689 -0.135313 0.275781
v -0.426589 -0.139823 0.275343
v 0.009029 0.115110 -0.194683
v 0.011870 0.109007 -0.195276
v 0.016449 0.064924 0.290376
v 0.014349 0.069434 0.290815
v -0.194163 0.304920 0.248363
v -0.190038 0.299270 0.247794
v -0.193411 0.332528 -0.106797
v -0.197535 0.338178 -0.106228
v -0.486054 0.129642 -0.123280
v -0.481536 0.123454 -0.123903
v -0.478158 0.090152 0.231159
v -0.482676 0.096340 0.231782
v -0.197535 0.338178 -0.106228
v -0.193411 0.332528 -0.106797
v -0.481536 0.123454 -0.123903
v -0.486054 0.129642 -0.123280
v -0.190038 0.299270 0.247794
v -0.194163 0.304920 0.248363
v -0.482676 0.096340 0.231782
v -0.478158 0.090152 0.231159
v 0.002388 -0.005146 0.240113
v -0.004448 -0.007584 0.232455
v -0.007918 0.028145 -0.151871
v -0.001217 0.031964 -0.159070
v -0.364979 -0.136146 -0.171414
v -0.358143 -0.133708 -0.163756
v -0.354673 -0.169438 0.220571
v -0.361375 -0.173257 0.227769
v -0.358143 -0.133708 -0.163756
v -0.364979 -0.136146 -0.171414
v -0.361375 -0.173257 0.227769
v -0.354673 -0.169438 0.220571
v -0.004448 -0.007584 0.232455
v 0.002388 -0.005146 0.240113
v -0.001217 0.031964 -0.159070
v -0.007918 0.028145 -0.151871
v 0.007875 -0.171421 0.181188
v 0.000982 -0.172759 0.173978
v -0.001747 -0.144056 -0.137077
v 0.005022 -0.141411 -0.144039
v -0.308501 -0.232803 -0.149723
v -0.301608 -0.231465 -0.142513
v -0.298880 -0.260169 0.168543
v -0.305648 -0.262814 0.175504
v 0.000982 -0.172759 0.173978
v 0.007875 -0.171421 0.181188
v 0.005022 -0.141411 -0.144039
v -0.001747 -0.144056 -0.137077
v -0.301608 -0.231465 -0.142513
v -0.308501 -0.232803 -0.149723
v -0.305648 -0.262814 0.175504
v -0.298880 -0.260169 0.168543
v 0.036027 -0.271589 0.170503
v 0.031440 -0.272479 0.165705
v 0.028691 -0.243556 -0.147721
v 0.033195 -0.241796 -0.152354
v -0.278042 -0.332522 -0.157996
v -0.273456 -0.331633 -0.153198
v -0.270706 -0.360555 0.160228
v -0.275210 -0.362315 0.164860
v 0.031440 -0.272479 0.165705
v 0.036027 -0.271589 0.170503
v 0.033195 -0.241796 -0.152354
v 0.028691 -0.243556 -0.147721
v -0.273456 -0.331633 -0.153198
v -0.278042 -0.332522 -0.157996
v -0.275210 -0.362315 0.164860
v -0.270706 -0.360555 0.160228
v -0.325208 -0.292315 -0.188576
v -0.327598 -0.284167 -0.187803
v -0.324161 -0.320309 0.203870
v -0.321772 -0.328458 0.203097
v 0.055954 -0.217993 0.210237
v 0.053770 -0.210546 0.210944
v 0.050329 -0.174356 -0.181245
v 0.052513 -0.181804 -0.181952
v -0.321772 -0.328458 0.203097
v -0.324161 -0.320309 0.203870
v 0.053770 -0.210546 0.210944
v 0.055954 -0.217993 0.210237
v -0.327598 -0.284167 -0.187803
v -0.325208 -0.292315 -0.188576
v 0.052513 -0.181804 -0.181952
v 0.050329 -0.174356 -0.181245
v -0.017879 -0.223487 0.136369
v -0.015162 -0.232751 0.135490
v -0.017315 -0.210103 -0.109942
v -0.020031 -0.200839 -0.109063
v -0.253985 -0.279262 -0.114371
v -0.256799 -0.269665 -0.113461
v -0.020031 -0.200839 -0.109063
v -0.017315 -0.210103 -0.109942
v -0.251831 -0.301937 0.131308
v -0.254648 -0.292332 0.132220
v -0.256799 -0.269665 -0.113461
v -0.253985 -0.279262 -0.114371
v -0.015162 -0.232751 0.135490
v -0.017879 -0.223487 0.136369
v -0.254648 -0.292332 0.132220
v -0.251831 -0.301937 0.131308
vn 0.0119 -0.0951 0.9954
vn 0.3053 0.9484 0.0862
vn -0.2803 0.9556 0.0907
vn 0.0577 -0.0498 0.9971
vn -0.2802 0.9557 0.0906
vn -0.0121 0.0946 -0.9954
vn -0.2802 0.9556 0.0906
vn -0.3053 -0.9482 -0.0883
vn -0.2802 0.9557 0.0907
vn -0.9522 0.3028 0.0404
vn -0.7990 -0.5994 -0.0477
vn -0.9519 0.3038 0.0405
vn -0.5595 0.2525 -0.7894
vn -0.9522 0.3028 0.0407
vn -0.3005 0.9491 0.0943
vn -0.2802 0.9556 0.0907
vn -0.9518 0.3041 0.0404
vn -0.5400 0.0971 0.8360
vn 0.9522 -0.3028 -0.0404
vn 0.5595 -0.2525 0.7894
vn 0.9522 -0.3028 -0.0411
vn 0.7990 0.5994 0.0477
vn 0.5400 -0.0971 -0.8360
vn 0.7931 0.2576 0.5520
vn 0.9522 -0.3029 -0.0403
vn -0.2803 0.9556 0.0906
vn 0.3005 -0.9491 -0.0943
vn 0.0119 -0.0952 0.9954
vn -0.3052 -0.9483 -0.0868
vn -0.0123 0.0942 -0.9955
vn 0.3053 0.9482 0.0882
vn 0.7990 0.5995 0.0477
vn -0.5084 -0.8577 -0.0760
vn 0.0109 -0.0947 0.9954
vn -0.4037 -0.7480 0.5267
vn 0.5084 0.8578 0.0760
vn 0.3092 0.4305 0.8480
vn -0.0115 0.0938 -0.9955
vn 0.8611 -0.5053 -0.0575
vn 0.9122 0.4086 0.0289
vn 0.0820 -0.9921 -0.0953
vn 0.8621 -0.5034 -0.0572
vn 0.5061 -0.3690 0.7796
vn 0.4882 -0.2144 -0.8460
vn 0.8610 -0.5054 -0.0562
vn 0.8628 -0.5022 -0.0577
vn -0.8610 0.5053 0.0575
vn -0.8610 0.5053 0.0576
vn -0.5061 0.3690 -0.7796
vn -0.4882 0.2144 0.8460
vn -0.9122 -0.4086 -0.0289
vn -0.0820 0.9921 0.0953
vn -0.7530 0.6544 0.0697
vn -0.7530 0.6544 0.0696
vn -0.7530 0.6543 0.0696
vn 0.7530 -0.6544 -0.0696
vn 0.7530 -0.6543 -0.0696
vn -0.6580 -0.7503 -0.0642
vn -0.9720 -0.2348 -0.0122
vn -0.1025 -0.9904 -0.0926
vn -0.0098 0.0947 -0.9955
vn 0.4264 -0.3009 -0.8530
vn -0.4431 0.4547 -0.7726
vn 0.6580 0.7502 0.0645
vn 0.1025 0.9904 0.0926
vn 0.9720 0.2348 0.0122
vn 0.0109 -0.0934 0.9956
vn -0.4264 0.3009 0.8530
vn 0.4431 -0.4547 0.7726
vn 0.6580 0.7503 0.0642
vn -0.0100 0.0943 -0.9955
vn 0.0103 -0.0940 0.9955
vn -0.5878 0.8049 0.0811
vn -0.5877 0.8050 0.0811
vn -0.5878 0.8050 0.0811
vn -0.2801 0.9557 0.0906
vn -0.4203 0.9031 0.0878
vn -0.4204 0.9031 0.0878
vn -0.8090 -0.5859 -0.0473
vn -0.9999 -0.0137 0.0082
vn -0.0095 0.0934 -0.9956
vn -0.3471 0.5410 -0.7661
vn -0.6584 -0.4177 -0.6262
vn 0.8090 0.5859 0.0474
vn 0.3212 0.9432 0.0854
vn 0.0093 -0.0935 0.9956
vn -0.3316 0.3885 0.8597
vn 0.5878 -0.8050 -0.0810
vn 0.3316 -0.3885 -0.8597
vn 0.5878 -0.8050 -0.0811
vn 0.3471 -0.5410 0.7661
vn 0.5880 -0.8049 -0.0795
vn -0.3212 -0.9432 -0.0854
vn 0.5876 -0.8052 -0.0795
vn 0.9999 0.0137 -0.0082
vn -0.9073 -0.4193 -0.0308
vn -0.9835 0.1790 0.0255
vn 0.0090 -0.0926 0.9957
vn -0.2353 0.4458 0.8636
vn 0.3203 0.0573 0.9456
vn 0.9073 0.4190 0.0346
vn 0.4981 0.8638 0.0758
vn -0.0113 0.0914 -0.9958
vn -0.2500 0.5970 -0.7623
vn -0.0090 0.0926 -0.9957
vn -0.9073 -0.4192 -0.0321
vn 0.9073 0.4195 0.0295
vn 0.8090 0.5859 0.0473
vn 0.0089 -0.0937 0.9956
vn -0.0100 0.0930 -0.9956
vn 0.4203 -0.9031 -0.0877
vn 0.2353 -0.4458 -0.8636
vn 0.2500 -0.5970 0.7623
vn 0.4204 -0.9031 -0.0878
vn -0.4981 -0.8638 -0.0758
vn 0.9835 -0.1790 -0.0255
vn 0.9835 -0.1791 -0.0255
vn 0.2802 -0.9556 -0.0907
vn 0.2802 -0.9557 -0.0906
vn -0.9599 -0.2799 -0.0174
vn -0.9455 0.3233 0.0381
vn -0.6220 -0.7802 -0.0665
vn 0.9599 0.2798 0.0174
vn 0.9455 -0.3233 -0.0381
vn 0.6220 0.7802 0.0665
vn 0.0081 -0.0921 0.9957
vn -0.1547 0.4767 0.8653
vn 0.1689 -0.6268 0.7607
vn -0.0094 0.0918 -0.9957
vn 0.1547 -0.4767 -0.8653
vn -0.2804 0.9556 0.0906
vn -0.1689 0.6268 -0.7607
vn -0.9599 -0.2798 -0.0174
vn 0.0083 -0.0920 0.9957
vn -0.2801 0.9557 0.0907
vn -0.0092 0.0918 -0.9957
vn -0.2799 0.9557 0.0907
vt 0.500000 0.513787
vt 0.250441 0.511489
vt 0.250000 0.486213
vt 0.499559 0.488511
vt 0.749494 0.486827
vt 0.750000 0.515808
vt 1.000000 0.517097
vt 1.000000 0.482902
vt 0.000855 0.508549
vt 0.000000 0.482902
vt 0.000072 0.729690
vt 0.250988 0.736796
vt 0.250000 0.769591
vt 0.001031 0.760811
vt 1.000000 0.769591
vt 0.750827 0.764077
vt 0.750000 0.728884
vt 1.000000 0.730409
vt 0.500845 0.764379
vt 0.500000 0.728432
vt 0.499970 0.266398
vt 0.249203 0.260827
vt 0.250000 0.233760
vt 0.499361 0.239185
vt 0.749963 0.267504
vt 0.749319 0.238476
vt 1.000000 0.266091
vt 0.750229 0.266272
vt 0.749631 0.239288
vt 1.000000 0.233909
vt 0.000000 0.266091
vt 0.001261 0.244636
vt 0.750000 0.000000
vt 1.000000 0.000000
vt 1.000000 0.010069
vt 0.749971 0.010319
vt 1.000000 0.989931
vt 0.750036 0.989622
vt 0.500000 0.000000
vt 0.748547 0.000000
vt 0.499972 0.010540
vt 0.500038 0.989375
vt 0.250000 0.000000
vt 0.498513 0.000000
vt 0.250000 0.011887
vt 0.250000 0.988113
vt 0.001453 0.000000
vt 0.248284 0.000000
vt 0.000054 0.010531
vt 0.000000 0.000000
vt 0.000045 0.989547
vt 0.000000 0.484243
vt 0.249496 0.486869
vt 0.250000 0.515757
vt 0.000525 0.510504
vt 0.500000 0.514458
vt 0.250225 0.514458
vt 0.249762 0.487952
vt 0.499537 0.487952
vt 0.499815 0.489079
vt 0.749581 0.489079
vt 0.750000 0.513105
vt 0.500234 0.513105
vt 1.000000 0.515757
vt 1.000000 0.484243
vt 0.001022 0.239128
vt 0.249230 0.236966
vt 0.249958 0.269795
vt 0.000000 0.269576
vt 1.000000 0.269576
vt 0.748861 0.265234
vt 0.750000 0.227384
vt 1.000000 0.230425
vt 0.498760 0.266559
vt 0.500000 0.225445
vt 0.750000 0.731316
vt 1.000000 0.731316
vt 1.000000 0.768684
vt 0.750732 0.762456
vt 0.500000 0.768684
vt 0.250732 0.762456
vt 0.250000 0.731316
vt 0.500916 0.737544
vt 0.500000 1.000000
vt 0.250000 1.000000
vt 1.000000 1.000000
vt 0.750000 1.000000
vt 0.000021 0.740448
vt 0.000000 0.768685
vt 0.000000 0.768684
vt 0.000000 1.000000
vt 0.750000 0.734365
vt 1.000000 0.734365
vt 1.000000 0.765635
vt 0.750611 0.760424
vt 0.500000 0.765635
vt 0.250611 0.760424
vt 0.250000 0.734365
vt 0.500767 0.739577
vt 0.000000 0.765635
vt 0.000000 0.742182
vt 0.750000 0.236407
vt 1.000000 0.236407
vt 1.000000 0.263593
vt 0.749333 0.259062
vt 0.500000 0.263593
vt 0.249333 0.259062
vt 0.250000 0.236407
vt 0.499469 0.240938
vt 0.000000 0.256796
vt 0.000000 0.236407
vt 0.000000 0.488255
vt 0.249609 0.490320
vt 0.250000 0.511417
vt 0.000000 0.511798
vt 0.999429 0.505708
vt 0.750427 0.511030
vt 0.749963 0.486535
vt 1.000000 0.488583
vt 0.500483 0.511895
vt 0.500000 0.486008
vt 0.250000 0.009687
vt 0.000000 0.009687
vt 0.250025 0.990097
vt 0.000000 0.990313
vt 0.750000 0.010013
vt 0.499977 0.010205
vt 0.750026 0.989765
vt 0.500000 0.989987
vt 0.251398 0.000000
vt 0.498555 0.000000
vt 0.499978 0.010205
vt 0.751445 0.000000
vt 0.998602 0.000000
vt 1.000000 0.009687
vt 1.000000 0.990313
vt 0.500000 0.730871
vt 0.750938 0.737247
vt 0.750000 0.769129
vt 0.500747 0.762753
vt 0.000000 0.730871
vt 0.250938 0.737247
vt 0.250000 0.769129
vt 0.000996 0.760627
vt 1.000000 0.769129
vt 1.000000 0.730871
vt 0.500000 0.717508
vt 0.751591 0.728338
vt 0.750000 0.782492
vt 0.501267 0.771662
vt 0.000000 0.717508
vt 0.251591 0.728339
vt 0.250000 0.782492
vt 0.001689 0.768051
vt 1.000000 0.782492
vt 1.000000 0.717508
vt 0.000000 0.485673
vt 0.249536 0.488030
vt 0.250058 0.514723
vt 0.000478 0.509551
vt 0.750000 0.486632
vt 0.999834 0.486632
vt 0.999834 0.513368
vt 0.750469 0.511417
vt 1.000000 0.514327
vt 0.000446 0.508496
vt 0.000000 0.486217
vt 0.500000 0.486273
vt 0.500439 0.511439
vt 0.750000 0.242823
vt 1.000000 0.242823
vt 1.000000 0.254785
vt 0.749647 0.254785
vt 1.000000 0.485673
vt 0.500000 0.259388
vt 0.249525 0.256329
vt 0.250000 0.240612
vt 0.499632 0.243743
vt 0.000000 0.257177
vt 0.000000 0.242823
vt 0.750000 0.012655
vt 0.500000 0.012655
vt 0.750000 0.987345
vt 0.500074 0.986714
vt 0.752103 0.000000
vt 1.000000 0.010737
vt 0.750554 0.010737
vt 1.000000 0.989263
vt 0.750554 0.989263
vt 0.001550 0.000000
vt 0.250000 0.016646
vt 0.000000 0.010737
vt 0.250000 0.983354
vt 0.000083 0.988550
vt 0.252403 0.000000
vt 0.498173 0.000000
vt 0.750000 0.487857
vt 1.000000 0.487857
vt 0.999595 0.508096
vt 0.750455 0.510573
vt 0.500000 0.508975
vt 0.250337 0.507814
vt 0.250000 0.491025
vt 0.499711 0.492519
vt 0.000000 0.512143
vt 0.000000 0.487857
vt 0.750000 0.010598
vt 0.499984 0.010736
vt 0.750000 0.989402
vt 0.500034 0.989110
vt 0.250000 0.011607
vt 0.000000 0.011608
vt 0.250000 0.988392
vt 0.000050 0.987965
vt 0.751530 0.000000
vt 0.998325 0.000000
vt 1.000000 0.011608
vt 1.000000 0.988393
vt 0.251675 0.000000
vt 0.498470 0.000000
vt 0.750000 0.231039
vt 1.000000 0.231039
vt 1.000000 0.268961
vt 0.749076 0.262641
vt 0.499977 0.269078
vt 0.249078 0.262641
vt 0.250000 0.231039
vt 0.499256 0.237368
vt 0.000000 0.231039
vt 0.000000 0.259480
vt 0.500000 0.727728
vt 0.751092 0.735152
vt 0.750000 0.772272
vt 0.500870 0.764848
vt 0.000000 0.727728
vt 0.251092 0.735152
vt 0.250000 0.772272
vt 0.001160 0.762374
vt 1.000000 0.772272
vt 1.000000 0.727728
vt 0.750000 0.235179
vt 0.999228 0.241766
vt 1.000000 0.264821
vt 0.749273 0.259881
vt 0.500000 0.264821
vt 0.249273 0.259881
vt 0.250000 0.235179
vt 0.499421 0.240120
vt 0.000000 0.264821
vt 0.000000 0.235179
vt 0.000000 0.481129
vt 0.249343 0.483930
vt 0.250090 0.519486
vt 0.000000 0.518871
vt 0.500000 0.482751
vt 0.749400 0.485311
vt 0.750083 0.517811
vt 0.500553 0.514376
vt 0.500553 0.514377
vt 0.999057 0.509435
vt 1.000000 0.481129
vt 0.999056 0.509435
vt 0.750000 0.021456
vt 0.499947 0.021907
vt 0.750000 0.978544
vt 0.500082 0.977844
vt 0.753097 0.000000
vt 0.999927 0.022851
vt 1.000000 0.977772
vt 0.003208 0.000000
vt 0.250000 0.022244
vt 0.000000 0.022228
vt 0.250000 0.977756
vt 0.000113 0.976806
vt 0.253211 0.000000
vt 0.496903 0.000000
s 1
usemtl Material.001
f 1653/2780/751 1656/2781/751 1655/2782/751 1654/2783/751
f 1659/2783/752 1658/2784/752 1657/2785/752 1660/2780/752
s 0
f 1653/2780/753 1654/2783/754 1659/2783/755 1660/2780/754
s 1
f 1661/2786/756 1664/2785/756 1663/2784/756 1662/2787/756
s 0
f 1657/2785/753 1658/2784/754 1663/2784/757 1664/2785/754
s 1
f 1665/2781/758 1668/2788/758 1667/2789/758 1666/2782/758
s 0
f 1655/2782/757 1656/2781/754 1665/2781/753 1666/2782/754
f 1661/2788/759 1662/2789/754 1667/2789/755 1668/2788/754
s 1
f 1669/2790/760 1672/2791/760 1671/2792/760 1670/2793/760
f 1661/2788/761 1668/2788/761 1665/2781/761 1656/2781/761 1672/2791/761 1669/2790/761
f 1675/2794/762 1674/2795/762 1673/2796/762 1676/2797/762
f 1657/2785/763 1664/2785/763 1661/2786/763 1669/2797/763 1676/2797/763 1673/2796/763
s 0
f 1669/2790/755 1670/2793/754 1675/2793/757 1676/2790/754
s 1
f 1679/2795/764 1678/2798/764 1677/2799/764 1680/2796/764
f 1653/2780/765 1660/2780/765 1657/2785/765 1673/2796/765 1680/2796/765 1677/2799/765
s 0
f 1673/2796/753 1674/2795/754 1679/2795/766 1680/2796/754
s 1
f 1681/2791/767 1684/2799/767 1683/2798/767 1682/2792/767
s 0
f 1671/2792/753 1672/2791/754 1681/2791/753 1682/2792/754
s 1
f 1656/2781/768 1653/2780/768 1677/2799/768 1684/2799/768 1681/2791/768 1672/2791/768
s 0
f 1677/2799/757 1678/2798/754 1683/2798/755 1684/2799/754
s 1
f 1685/2800/769 1688/2801/769 1687/2802/769 1686/2803/769
f 1688/2801/770 1685/2800/770 1654/2783/770 1655/2782/770
f 1689/2804/771 1692/2800/771 1691/2803/771 1690/2805/771
f 1685/2800/772 1692/2800/772 1689/2804/772 1658/2784/772 1659/2783/772 1654/2783/772
s 0
f 1685/2800/757 1686/2803/754 1691/2803/755 1692/2800/754
s 1
f 1693/2806/769 1696/2807/769 1695/2808/769 1694/2809/769
f 1689/2804/773 1696/2807/773 1693/2806/773 1662/2787/773 1663/2784/773 1658/2784/773
f 1689/2804/774 1690/2805/774 1695/2808/774 1696/2807/774
f 1697/2801/775 1700/2810/775 1699/2811/775 1698/2802/775
s 0
f 1687/2802/776 1688/2801/754 1697/2801/766 1698/2802/754
s 1
f 1693/2810/777 1700/2810/777 1697/2801/777 1688/2801/777 1655/2782/777 1666/2782/777 1667/2789/777 1662/2789/777
s 0
f 1693/2810/776 1694/2811/754 1699/2811/755 1700/2810/754
s 1
f 1701/2812/778 1704/2813/778 1703/2814/778 1702/2815/778
f 1702/2815/770 1703/2814/770 1694/2809/770 1695/2808/770 1690/2805/770
f 1674/2795/768 1675/2794/768 1670/2794/768 1704/2816/768 1701/2817/768
f 1705/2818/779 1708/2819/779 1707/2815/779 1706/2820/779
f 1706/2820/777 1707/2815/777 1702/2815/777 1690/2805/777 1691/2803/777 1686/2803/777
f 1678/2798/761 1679/2795/761 1674/2795/761 1701/2817/761 1708/2817/761 1705/2821/761
s 0
f 1701/2812/759 1702/2815/754 1707/2815/757 1708/2819/754
s 1
f 1709/2822/780 1712/2823/780 1711/2820/780 1710/2824/780
f 1671/2792/763 1682/2792/763 1683/2798/763 1678/2798/763 1705/2821/763 1712/2821/763 1709/2825/763
f 1710/2824/773 1711/2820/773 1706/2820/773 1686/2803/773 1687/2802/773
s 0
f 1705/2818/753 1706/2820/754 1711/2820/757 1712/2823/754
s 1
f 1713/2826/781 1716/2827/781 1715/2824/781 1714/2828/781
f 1703/2828/782 1714/2828/782 1715/2824/782 1710/2824/782 1687/2802/782 1698/2802/782 1699/2811/782 1694/2811/782
s 0
f 1703/2828/755 1704/2829/754 1713/2826/766 1714/2828/754
s 1
f 1670/2793/765 1671/2792/765 1709/2825/765 1716/2825/765 1713/2830/765 1704/2830/765
s 0
f 1709/2822/766 1710/2824/754 1715/2824/757 1716/2827/754
s 1
f 1717/2831/783 1720/2832/783 1719/2833/783 1718/2834/783
f 1721/2835/784 1724/2836/784 1723/2837/784 1722/2838/784
f 1719/2833/785 1720/2832/785 1723/2837/785 1724/2836/785
f 1727/2839/786 1726/2840/786 1725/2841/786 1728/2842/786
f 1721/2835/787 1722/2838/787 1727/2839/787 1728/2842/787
f 1729/2843/788 1732/2841/788 1731/2840/788 1730/2844/788
s 0
f 1717/2831/755 1718/2834/754 1729/2834/755 1730/2831/754
f 1725/2841/755 1726/2840/754 1731/2840/755 1732/2841/754
s 1
f 1733/2845/789 1736/2846/789 1735/2847/789 1734/2848/789
f 1651/2829/790 1652/2822/790 1736/2846/790 1733/2845/790
f 1734/2848/791 1735/2847/791 1720/2832/791 1717/2831/791
f 1739/2849/792 1738/2850/792 1737/2851/792 1740/2852/792
f 1650/2812/793 1651/2813/793 1733/2852/793 1740/2852/793 1737/2851/793
f 1738/2850/794 1739/2849/794 1734/2849/794 1717/2844/794 1730/2844/794 1731/2840/794 1726/2840/794
s 0
f 1733/2845/776 1734/2848/754 1739/2848/766 1740/2845/754
s 1
f 1743/2850/795 1742/2853/795 1741/2854/795 1744/2851/795
f 1649/2818/791 1650/2812/791 1737/2851/791 1744/2851/791 1741/2854/791
f 1742/2853/790 1743/2850/790 1738/2850/790 1726/2840/790 1727/2839/790 1722/2838/790
s 0
f 1737/2851/753 1738/2850/754 1743/2850/757 1744/2851/754
s 1
f 1745/2846/796 1748/2854/796 1747/2853/796 1746/2847/796
f 1735/2847/793 1746/2847/793 1747/2853/793 1742/2853/793 1722/2838/793 1723/2837/793 1720/2832/793
s 0
f 1735/2847/753 1736/2846/754 1745/2846/766 1746/2847/754
s 1
f 1652/2822/794 1649/2818/794 1741/2854/794 1748/2854/794 1745/2846/794 1736/2846/794
s 0
f 1741/2854/776 1742/2853/754 1747/2853/776 1748/2854/754
s 1
f 1751/2855/797 1754/2856/797 1753/2857/797 1752/2858/797
f 1749/2859/798 1756/2860/798 1755/2861/798 1750/2862/798
f 1756/2860/799 1749/2859/799 1649/2863/799 1652/2864/799
f 1719/2833/800 1724/2836/800 1721/2835/800 1750/2862/800 1755/2861/800
f 1752/2858/800 1753/2857/800 1651/2865/800 1650/2866/800
f 1725/2841/799 1732/2841/799 1729/2843/799 1718/2843/799 1754/2856/799 1751/2855/799
f 1759/2858/797 1758/2859/797 1757/2862/797 1760/2855/797
f 1761/2867/797 1764/2861/797 1763/2860/797 1762/2868/797
f 1749/2859/801 1758/2859/801 1759/2858/801 1752/2858/801 1650/2866/801 1649/2863/801
s 0
f 1749/2859/753 1750/2862/754 1757/2862/776 1758/2859/754
s 1
f 1721/2835/802 1728/2842/802 1725/2841/802 1751/2855/802 1760/2855/802 1757/2862/802 1750/2862/802
s 0
f 1751/2855/753 1752/2858/754 1759/2858/766 1760/2855/754
s 1
f 1753/2869/802 1762/2868/802 1763/2860/802 1756/2860/802 1652/2864/802 1651/2870/802
s 0
f 1753/2869/776 1754/2867/754 1761/2867/753 1762/2868/754
s 1
f 1718/2834/801 1719/2833/801 1755/2861/801 1764/2861/801 1761/2867/801 1754/2867/801
s 0
f 1755/2861/753 1756/2860/754 1763/2860/757 1764/2861/754
s 1
f 1767/2871/803 1770/2872/803 1769/2873/803 1768/2874/803
f 1765/2875/804 1772/2876/804 1771/2877/804 1766/2878/804
f 1775/2874/805 1774/2875/805 1773/2878/805 1776/2871/805
f 1779/2876/804 1778/2879/804 1777/2880/804 1780/2877/804
s 0
f 1765/2875/757 1766/2878/754 1773/2878/776 1774/2875/754
f 1767/2871/757 1768/2874/754 1775/2874/755 1776/2871/754
f 1769/2879/776 1770/2880/754 1777/2880/776 1778/2879/754
f 1771/2877/755 1772/2876/754 1779/2876/766 1780/2877/754
s 1
f 1783/2881/806 1786/2882/806 1785/2883/806 1784/2884/806
f 1781/2885/806 1788/2886/806 1787/2887/806 1782/2888/806
f 1791/2884/806 1790/2885/806 1789/2888/806 1792/2881/806
f 1795/2886/807 1794/2889/807 1793/2890/807 1796/2887/807
s 0
f 1781/2885/755 1782/2888/754 1789/2888/776 1790/2885/754
f 1783/2881/755 1784/2884/754 1791/2884/755 1792/2881/754
f 1785/2889/757 1786/2890/754 1793/2890/776 1794/2889/754
f 1787/2887/766 1788/2886/754 1795/2886/755 1796/2887/754
s 1
f 1797/2891/808 1800/2892/808 1799/2893/808 1798/2894/808
f 1798/2894/809 1799/2893/809 1771/2877/809 1780/2877/809 1777/2880/809 1770/2880/809
f 1785/2889/810 1794/2889/810 1795/2886/810 1788/2886/810 1800/2892/810 1797/2891/810
f 1803/2895/811 1802/2896/811 1801/2897/811 1804/2898/811
f 1784/2884/812 1785/2883/812 1797/2898/812 1804/2898/812 1801/2897/812
f 1802/2896/813 1803/2895/813 1798/2895/813 1770/2872/813 1767/2871/813
s 0
f 1797/2898/766 1798/2895/754 1803/2895/759 1804/2898/754
s 1
f 1807/2896/814 1806/2899/814 1805/2900/814 1808/2897/814
f 1806/2899/815 1807/2896/815 1802/2896/815 1767/2871/815 1776/2871/815 1773/2878/815 1766/2878/815
f 1781/2885/816 1790/2885/816 1791/2884/816 1784/2884/816 1801/2897/816 1808/2897/816 1805/2900/816
s 0
f 1801/2897/757 1802/2896/754 1807/2896/755 1808/2897/754
s 1
f 1809/2892/817 1812/2900/817 1811/2899/817 1810/2893/817
f 1799/2893/818 1810/2893/818 1811/2899/818 1806/2899/818 1766/2878/818 1771/2877/818
s 0
f 1799/2893/759 1800/2892/754 1809/2892/766 1810/2893/754
s 1
f 1788/2886/819 1781/2885/819 1805/2900/819 1812/2900/819 1809/2892/819 1800/2892/819
s 0
f 1805/2900/755 1806/2899/754 1811/2899/776 1812/2900/754
s 1
f 1813/2829/820 1816/2822/820 1815/2901/820 1814/2902/820
f 1814/2902/816 1815/2901/816 1787/2887/816 1796/2887/816 1793/2890/816 1786/2890/816
f 1769/2879/815 1778/2879/815 1779/2876/815 1772/2876/815 1816/2903/815 1813/2904/815
f 1817/2818/808 1820/2812/808 1819/2905/808 1818/2906/808
f 1818/2906/810 1819/2905/810 1783/2881/810 1792/2881/810 1789/2888/810 1782/2888/810
f 1765/2875/809 1774/2875/809 1775/2874/809 1768/2874/809 1820/2907/809 1817/2908/809
f 1821/2909/821 1824/2910/821 1823/2911/821 1822/2901/821
f 1815/2901/812 1822/2901/812 1823/2911/812 1818/2906/812 1782/2888/812 1787/2887/812
s 0
f 1815/2901/766 1816/2822/754 1821/2909/776 1822/2901/754
s 1
f 1772/2876/813 1765/2875/813 1817/2908/813 1824/2908/813 1821/2903/813 1816/2903/813
s 0
f 1817/2818/759 1818/2906/754 1823/2911/766 1824/2910/754
s 1
f 1827/2912/822 1826/2913/822 1825/2914/822 1828/2905/822
f 1768/2874/818 1769/2873/818 1813/2915/818 1826/2915/818 1827/2907/818 1820/2907/818
s 0
f 1813/2813/755 1814/2914/754 1825/2914/759 1826/2913/754
s 1
f 1819/2905/819 1828/2905/819 1825/2914/819 1814/2914/819 1786/2882/819 1783/2881/819
s 0
f 1819/2905/766 1820/2812/754 1827/2912/753 1828/2905/754
s 1
f 1829/2916/823 1832/2917/823 1831/2918/823 1830/2919/823
f 1833/2920/824 1836/2921/824 1835/2922/824 1834/2923/824
f 1837/2919/825 1840/2922/825 1839/2921/825 1838/2916/825
s 0
f 1829/2916/755 1830/2919/754 1837/2919/757 1838/2916/754
f 1835/2922/755 1836/2921/754 1839/2921/826 1840/2922/754
s 1
f 1843/2924/825 1842/2918/825 1841/2917/825 1844/2925/825
s 0
f 1831/2918/826 1832/2917/754 1841/2917/759 1842/2918/754
f 1833/2920/755 1834/2923/754 1843/2923/776 1844/2920/754
s 1
f 1845/2926/827 1848/2927/827 1847/2928/827 1846/2929/827
f 1849/2930/828 1852/2931/828 1851/2932/828 1850/2933/828
f 1853/2929/827 1860/2932/827 1859/2931/827 1854/2926/827
f 1857/2934/827 1856/2928/827 1855/2927/827 1858/2935/827
s 0
f 1845/2926/753 1846/2929/754 1853/2929/757 1854/2926/754
f 1847/2928/755 1848/2927/754 1855/2927/776 1856/2928/754
f 1849/2930/757 1850/2933/754 1857/2933/753 1858/2930/754
f 1851/2932/755 1852/2931/754 1859/2931/776 1860/2932/754
s 1
f 1861/2936/829 1864/2937/829 1863/2938/829 1862/2939/829
f 1862/2939/830 1863/2938/830 1836/2921/830 1833/2920/830
f 1865/2940/831 1868/2941/831 1867/2942/831 1866/2943/831
f 1866/2943/832 1867/2942/832 1862/2944/832 1833/2925/832 1844/2925/832 1841/2917/832 1832/2917/832
f 1861/2936/833 1862/2939/833 1867/2945/833 1868/2946/833
f 1869/2947/834 1872/2940/834 1871/2943/834 1870/2948/834
f 1870/2948/835 1871/2943/835 1866/2943/835 1832/2917/835 1829/2916/835
s 0
f 1865/2940/776 1866/2943/754 1871/2943/776 1872/2940/754
s 1
f 1873/2937/836 1876/2947/836 1875/2948/836 1874/2938/836
f 1863/2938/837 1874/2938/837 1875/2948/837 1870/2948/837 1829/2916/837 1838/2916/837 1839/2921/837 1836/2921/837
s 0
f 1863/2938/776 1864/2937/754 1873/2937/776 1874/2938/754
f 1869/2947/776 1870/2948/754 1875/2948/776 1876/2947/754
s 1
f 1877/2949/838 1880/2950/838 1879/2951/838 1878/2952/838
f 1878/2952/839 1879/2951/839 1861/2953/839 1868/2941/839 1865/2940/839
f 1881/2954/840 1884/2955/840 1883/2956/840 1882/2957/840
f 1884/2955/841 1881/2954/841 1869/2947/841 1876/2947/841 1873/2937/841 1864/2937/841
f 1887/2955/842 1886/2958/842 1885/2959/842 1888/2956/842
f 1879/2958/843 1886/2958/843 1887/2955/843 1884/2955/843 1864/2937/843 1861/2936/843
s 0
f 1879/2951/757 1880/2950/754 1885/2950/755 1886/2951/754
f 1883/2956/776 1884/2955/754 1887/2955/755 1888/2956/754
s 1
f 1889/2952/844 1892/2954/844 1891/2957/844 1890/2949/844
s 0
f 1877/2949/757 1878/2952/754 1889/2952/826 1890/2949/754
s 1
f 1881/2954/845 1892/2954/845 1889/2952/845 1878/2952/845 1865/2940/845 1872/2940/845 1869/2947/845
s 0
f 1881/2954/755 1882/2957/754 1891/2957/826 1892/2954/754
s 1
f 1893/2818/846 1896/2812/846 1895/2960/846 1894/2961/846
f 1846/2929/847 1847/2928/847 1896/2962/847 1893/2963/847
f 1899/2964/848 1898/2813/848 1897/2965/848 1900/2966/848
f 1847/2928/849 1856/2928/849 1857/2934/849 1850/2934/849 1898/2967/849 1899/2968/849 1896/2962/849
f 1895/2960/850 1896/2812/850 1899/2964/850 1900/2966/850
f 1903/2969/851 1902/2822/851 1901/2970/851 1904/2971/851
f 1850/2933/852 1851/2932/852 1902/2972/852 1903/2973/852 1898/2973/852
s 0
f 1897/2971/753 1898/2829/754 1903/2969/753 1904/2971/754
s 1
f 1905/2961/853 1908/2970/853 1907/2974/853 1906/2975/853
f 1851/2932/854 1860/2932/854 1853/2929/854 1846/2929/854 1893/2963/854 1906/2963/854 1907/2972/854 1902/2972/854
s 0
f 1893/2818/776 1894/2961/754 1905/2961/776 1906/2975/754
f 1901/2970/776 1902/2822/754 1907/2974/776 1908/2970/754
s 1
f 1909/2976/855 1912/2977/855 1911/2978/855 1910/2979/855
f 1910/2979/854 1911/2978/854 1849/2935/854 1858/2935/854 1855/2927/854 1848/2927/854
f 1913/2980/848 1916/2981/848 1915/2982/848 1914/2983/848
f 1916/2981/849 1913/2980/849 1845/2926/849 1854/2926/849 1859/2931/849 1852/2931/849
f 1919/2981/856 1918/2984/856 1917/2985/856 1920/2982/856
f 1911/2984/847 1918/2984/847 1919/2981/847 1916/2981/847 1852/2931/847 1849/2930/847
s 0
f 1911/2978/776 1912/2977/754 1917/2977/776 1918/2978/754
f 1915/2982/753 1916/2981/754 1919/2981/766 1920/2982/754
s 1
f 1921/2979/857 1924/2980/857 1923/2983/857 1922/2976/857
s 0
f 1909/2976/753 1910/2979/754 1921/2979/753 1922/2976/754
s 1
f 1913/2980/852 1924/2980/852 1921/2979/852 1910/2979/852 1848/2927/852 1845/2926/852
s 0
f 1913/2980/757 1914/2983/754 1923/2983/776 1924/2980/754
s 1
f 1925/2818/829 1928/2812/829 1927/2986/829 1926/2987/829
f 1926/2987/843 1927/2986/843 1877/2949/843 1890/2949/843 1891/2957/843 1882/2957/843
f 1830/2919/830 1831/2918/830 1928/2988/830 1925/2989/830
f 1929/2829/858 1932/2822/858 1931/2990/858 1930/2991/858
f 1930/2991/845 1931/2990/845 1883/2956/845 1888/2956/845 1885/2959/845 1880/2959/845
f 1834/2923/835 1835/2922/835 1932/2992/835 1929/2993/835
f 1933/2994/859 1936/2995/859 1935/2996/859 1934/2986/859
f 1927/2986/841 1934/2986/841 1935/2996/841 1930/2996/841 1880/2950/841 1877/2949/841
s 0
f 1927/2986/776 1928/2812/754 1933/2994/755 1934/2986/754
s 1
f 1831/2918/837 1842/2918/837 1843/2924/837 1834/2924/837 1929/2997/837 1936/2997/837 1933/2988/837 1928/2988/837
s 0
f 1929/2813/776 1930/2996/754 1935/2996/776 1936/2995/754
s 1
f 1939/2998/860 1938/2999/860 1937/2987/860 1940/2990/860
f 1835/2922/832 1840/2922/832 1837/2919/832 1830/2919/832 1925/2989/832 1938/2989/832 1939/2992/832 1932/2992/832
s 0
f 1925/2818/755 1926/2987/754 1937/2987/776 1938/2999/754
s 1
f 1931/2990/839 1940/2990/839 1937/2987/839 1926/2987/839 1882/2957/839 1883/2956/839
s 0
f 1931/2990/776 1932/2822/754 1939/2998/776 1940/2990/754
s 1
f 1943/3000/861 1946/3001/861 1945/3002/861 1944/3003/861
f 1941/3004/861 1948/3005/861 1947/3006/861 1942/3007/861
f 1901/2970/862 1908/2970/862 1905/2961/862 1894/2961/862 1942/3007/862 1947/3006/862
f 1948/3005/863 1941/3004/863 1914/2983/863 1915/2982/863
f 1944/3003/862 1945/3002/862 1912/2977/862 1909/2976/862
f 1895/2960/863 1900/2966/863 1897/2965/863 1946/3001/863 1943/3000/863
f 1949/3008/864 1952/3006/864 1951/3005/864 1950/3009/864
f 1945/3009/865 1950/3009/865 1951/3005/865 1948/3005/865 1915/2982/865 1920/2982/865 1917/2985/865 1912/2985/865
s 0
f 1945/3009/753 1946/3008/754 1949/3008/753 1950/3009/754
s 1
f 1897/2971/866 1904/2971/866 1901/2970/866 1947/3006/866 1952/3006/866 1949/3008/866 1946/3008/866
s 0
f 1947/3006/755 1948/3005/754 1951/3005/776 1952/3006/754
s 1
f 1953/3007/864 1956/3000/864 1955/3003/864 1954/3004/864
f 1941/3004/867 1954/3004/867 1955/3003/867 1944/3003/867 1909/2976/867 1922/2976/867 1923/2983/867 1914/2983/867
s 0
f 1941/3004/753 1942/3007/754 1953/3007/776 1954/3004/754
s 1
f 1894/2961/865 1895/2960/865 1943/3000/865 1956/3000/865 1953/3007/865 1942/3007/865
s 0
f 1943/3000/776 1944/3003/754 1955/3003/755 1956/3000/754
s 1
f 1957/3010/776 1960/3011/776 1959/3012/776 1958/3013/776
f 1961/3014/776 1964/3015/776 1963/3016/776 1962/3017/776
f 1965/3013/755 1972/3016/755 1971/3015/755 1966/3010/755
f 1969/3018/755 1968/3012/755 1967/3011/755 1970/3019/755
s 0
f 1957/3010/755 1958/3013/754 1965/3013/755 1966/3010/754
f 1959/3012/759 1960/3011/754 1967/3011/757 1968/3012/754
f 1961/3014/755 1962/3017/754 1969/3017/755 1970/3014/754
f 1963/3016/757 1964/3015/754 1971/3015/753 1972/3016/754
s 1
f 1975/3020/868 1978/3021/868 1977/3022/868 1976/3023/868
f 1973/3024/868 1980/3025/868 1979/3026/868 1974/3027/868
f 1983/3023/869 1982/3024/869 1981/3027/869 1984/3020/869
f 1987/3025/869 1986/3028/869 1985/3029/869 1988/3026/869
s 0
f 1973/3024/757 1974/3027/754 1981/3027/753 1982/3024/754
f 1975/3020/766 1976/3023/754 1983/3023/753 1984/3020/754
f 1977/3022/757 1978/3021/754 1985/3021/755 1986/3022/754
f 1979/3026/776 1980/3025/754 1987/3025/766 1988/3026/754
s 1
f 1989/3030/870 1992/3031/870 1991/3032/870 1990/3033/870
f 1990/3033/871 1991/3032/871 1964/3015/871 1961/3014/871
f 1977/3028/872 1986/3028/872 1987/3025/872 1980/3025/872 1992/3031/872 1989/3030/872
f 1993/3034/873 1996/3035/873 1995/3036/873 1994/3037/873
f 1973/3024/874 1982/3024/874 1983/3023/874 1976/3023/874 1996/3035/874 1993/3034/874
f 1994/3037/875 1995/3036/875 1960/3011/875 1957/3010/875
f 1999/3038/876 1998/3032/876 1997/3031/876 2000/3034/876
f 1991/3032/877 1998/3032/877 1999/3038/877 1994/3037/877 1957/3010/877 1966/3010/877 1971/3015/877 1964/3015/877
s 0
f 1991/3032/776 1992/3031/754 1997/3031/766 1998/3032/754
s 1
f 1980/3025/878 1973/3024/878 1993/3034/878 2000/3034/878 1997/3031/878 1992/3031/878
s 0
f 1993/3034/757 1994/3037/754 1999/3038/753 2000/3034/754
s 1
f 2001/3039/879 2004/3036/879 2003/3035/879 2002/3040/879
f 1976/3023/880 1977/3022/880 1989/3040/880 2002/3040/880 2003/3035/880 1996/3035/880
s 0
f 1989/3040/753 1990/3041/754 2001/3039/881 2002/3040/754
s 1
f 1995/3036/882 2004/3036/882 2001/3039/882 1990/3041/882 1961/3019/882 1970/3019/882 1967/3011/882 1960/3011/882
s 0
f 1995/3036/753 1996/3035/754 2003/3035/757 2004/3036/754
s 1
f 2005/2818/883 2008/2812/883 2007/3042/883 2006/3043/883
f 2006/3043/872 2007/3042/872 1975/3020/872 1984/3020/872 1981/3027/872 1974/3027/872
f 1958/3013/871 1959/3012/871 2008/3044/871 2005/3045/871
f 2011/3046/884 2010/2813/884 2009/3047/884 2012/3042/884
f 2007/3042/878 2012/3042/878 2009/3047/878 1978/3021/878 1975/3020/878
f 1959/3012/877 1968/3012/877 1969/3018/877 1962/3018/877 2010/3048/877 2011/3044/877 2008/3044/877
s 0
f 2007/3042/766 2008/2812/754 2011/3046/776 2012/3042/754
s 1
f 2015/3049/873 2014/2822/873 2013/3050/873 2016/3051/873
f 1962/3017/875 1963/3016/875 2014/3052/875 2015/3053/875 2010/3053/875
f 2009/3051/874 2016/3051/874 2013/3050/874 1979/3026/874 1988/3026/874 1985/3029/874 1978/3029/874
s 0
f 2009/3051/885 2010/2829/754 2015/3049/755 2016/3051/754
s 1
f 2017/3043/886 2020/3050/886 2019/3054/886 2018/3055/886
f 1963/3016/882 1972/3016/882 1965/3013/882 1958/3013/882 2005/3045/882 2018/3045/882 2019/3052/882 2014/3052/882
s 0
f 2005/2818/776 2006/3043/754 2017/3043/766 2018/3055/754
s 1
f 2013/3050/880 2020/3050/880 2017/3043/880 2006/3043/880 1974/3027/880 1979/3026/880
s 0
f 2013/3050/757 2014/2822/754 2019/3054/887 2020/3050/754
